id,first_name,last_name,email,gender,model_year,order_date,price
1000,Barbe,Feaster,bfeasterrr@ted.com,Female,1995,1/27/2018,$8.36 
999,Arri,Parriss,aparrissrq@independent.co.uk,Male,1996,9/10/2018,$8.80 
998,Marya,Kilbride,mkilbriderp@ovh.net,Female,1999,9/11/2018,$7.38 
997,Amalia,Swateridge,aswateridgero@senate.gov,Female,2002,6/29/2018,$7.48 
996,Gardiner,Wigg,gwiggrn@oaic.gov.au,Male,1992,9/26/2018,$0.85 
995,Roderigo,McDermid,rmcdermidrm@histats.com,Male,2013,12/7/2017,$8.11 
994,Raf,Petkovic,rpetkovicrl@vk.com,Female,1994,2/1/2018,$3.40 
993,Orrin,Renak,orenakrk@technorati.com,Male,2002,3/30/2018,$2.89 
992,Lyman,Farmery,lfarmeryrj@about.com,Male,2007,7/5/2018,$7.37 
991,Nan,Catton,ncattonri@spiegel.de,Female,2012,11/25/2018,$3.02 
990,Cordey,Corthes,ccorthesrh@weibo.com,Female,2010,8/23/2018,$2.53 
989,Gibbie,Spiteri,gspiterirg@ucla.edu,Male,1997,9/23/2018,$3.07 
988,Aube,Taggart,ataggartrf@webs.com,Male,2007,2/24/2018,$6.04 
987,Michelina,Gerlack,mgerlackre@washingtonpost.com,Female,2011,12/19/2017,$4.33 
986,Eliza,Jentgens,ejentgensrd@hud.gov,Female,2000,11/12/2018,$3.64 
985,Chicky,Farey,cfareyrc@berkeley.edu,Male,2002,11/8/2018,$6.93 
984,Pierce,Fansy,pfansyrb@stumbleupon.com,Male,2001,2/21/2018,$7.08 
983,Merline,Gages,mgagesra@abc.net.au,Female,1998,6/19/2018,$7.61 
982,Ingrim,Dami,idamir9@zdnet.com,Male,2006,6/5/2018,$7.08 
981,Waiter,Orts,wortsr8@tinypic.com,Male,1994,6/22/2018,$3.87 
980,Juan,Riddlesden,jriddlesdenr7@fc2.com,Male,2012,7/12/2018,$0.91 
979,Bordy,Logan,bloganr6@cdbaby.com,Male,1994,4/18/2018,$5.17 
978,Rik,Gorman,rgormanr5@tripod.com,Male,1993,11/24/2018,$4.37 
977,Prince,Crighton,pcrightonr4@jimdo.com,Male,2011,11/4/2018,$3.58 
976,Roch,Gredden,rgreddenr3@last.fm,Female,1994,4/26/2018,$8.18 
975,Tito,Pagin,tpaginr2@cbsnews.com,Male,2000,12/15/2017,$2.75 
974,Edsel,Gerrad,egerradr1@nytimes.com,Male,2003,4/28/2018,$8.31 
973,Tarah,Marsham,tmarshamr0@ask.com,Female,2004,7/25/2018,$1.35 
972,Ambrosius,Mant,amantqz@surveymonkey.com,Male,1994,7/22/2018,$7.24 
971,Kelsey,Cannam,kcannamqy@jigsy.com,Male,1995,4/25/2018,$5.79 
970,Dominic,Dunbleton,ddunbletonqx@goodreads.com,Male,1996,6/18/2018,$6.52 
969,Carlynne,Lesaunier,clesaunierqw@tumblr.com,Female,1966,2/3/2018,$0.64 
968,Georgie,Greenstreet,ggreenstreetqv@ucoz.com,Male,2007,3/7/2018,$8.90 
967,Jarret,Lusty,jlustyqu@google.co.jp,Male,1992,5/10/2018,$9.77 
966,Coreen,Shoutt,cshouttqt@stanford.edu,Female,1967,10/11/2018,$5.19 
965,Felita,Kohn,fkohnqs@typepad.com,Female,1991,12/3/2017,$1.88 
964,Brnaba,Commins,bcomminsqr@over-blog.com,Male,1986,10/7/2018,$4.91 
963,Olag,Davidsson,odavidssonqq@hatena.ne.jp,Male,2012,4/3/2018,$5.55 
962,Nady,Youings,nyouingsqp@discuz.net,Female,2000,5/4/2018,$8.60 
961,Netti,Edwardes,nedwardesqo@pen.io,Female,2001,1/6/2018,$2.15 
960,Papageno,Lillywhite,plillywhiteqn@elpais.com,Male,1993,11/13/2018,$4.69 
959,Dorris,Howood,dhowoodqm@hibu.com,Female,2001,2/19/2018,$2.99 
958,Elonore,Plunket,eplunketql@irs.gov,Female,2005,9/11/2018,$7.40 
957,Marna,Kimbly,mkimblyqk@vistaprint.com,Female,1995,6/11/2018,$8.01 
956,Ezmeralda,Bayston,ebaystonqj@sakura.ne.jp,Female,2010,9/22/2018,$6.10 
955,Gardy,Yardley,gyardleyqi@techcrunch.com,Male,2006,9/4/2018,$8.09 
954,Aleksandr,Duell,aduellqh@google.com.hk,Male,1985,6/24/2018,$9.68 
953,Derward,Verrick,dverrickqg@symantec.com,Male,2008,4/16/2018,$1.34 
952,Milissent,Skelhorne,mskelhorneqf@angelfire.com,Female,2006,5/3/2018,$6.14 
951,Vance,Breagan,vbreaganqe@themeforest.net,Male,2003,5/23/2018,$4.00 
950,Ronny,Rains,rrainsqd@gmpg.org,Female,1990,8/15/2018,$6.24 
949,Petey,Houldcroft,phouldcroftqc@cnbc.com,Male,2000,7/25/2018,$1.74 
948,Ame,Roy,aroyqb@china.com.cn,Female,1992,7/15/2018,$1.11 
947,Darbee,Fullbrook,dfullbrookqa@gnu.org,Male,2001,3/15/2018,$4.98 
946,Mikael,Strangman,mstrangmanq9@usnews.com,Male,1993,9/9/2018,$3.02 
945,Hewett,Potteril,hpotterilq8@usa.gov,Male,2009,12/21/2017,$9.13 
944,Gaile,Voules,gvoulesq7@gravatar.com,Male,1995,4/10/2018,$4.33 
943,Delmore,Yanele,dyaneleq6@about.com,Male,2005,10/12/2018,$5.29 
942,Roseanne,Gourlie,rgourlieq5@wp.com,Female,2003,7/8/2018,$0.48 
941,Krisha,Webley,kwebleyq4@elegantthemes.com,Male,1999,12/27/2017,$4.30 
940,Hastie,Willden,hwilldenq3@booking.com,Male,1997,9/10/2018,$6.38 
939,Faustina,Coneybeer,fconeybeerq2@opera.com,Female,1985,10/1/2018,$9.79 
938,Luisa,Franies,lfraniesq1@tripadvisor.com,Female,1993,10/8/2018,$5.67 
937,Hubey,Canepe,hcanepeq0@kickstarter.com,Male,1992,8/3/2018,$9.70 
936,Bondy,Ipgrave,bipgravepz@ifeng.com,Male,1993,1/10/2018,$8.07 
935,Eolanda,Brightwell,ebrightwellpy@examiner.com,Female,2005,9/25/2018,$1.42 
934,Boote,Maraga,bmaragapx@linkedin.com,Male,1992,4/4/2018,$4.59 
933,Sheeree,Pringley,springleypw@tuttocitta.it,Female,2001,8/12/2018,$4.44 
932,Svend,Dougill,sdougillpv@shinystat.com,Male,1989,8/11/2018,$3.08 
931,Aurel,Piddick,apiddickpu@rakuten.co.jp,Female,2009,6/19/2018,$6.16 
930,Alain,Abade,aabadept@weebly.com,Male,2002,6/8/2018,$9.06 
929,Mellicent,Innman,minnmanps@google.co.uk,Female,2001,6/16/2018,$5.97 
928,Lorin,Lindenboim,llindenboimpr@tumblr.com,Male,1979,6/23/2018,$7.34 
927,Joe,Tomenson,jtomensonpq@google.com.br,Male,1996,1/30/2018,$3.79 
926,Kizzee,Pyne,kpynepp@issuu.com,Female,2002,10/31/2018,$8.86 
925,Brander,Rickert,brickertpo@google.pl,Male,1989,10/22/2018,$9.74 
924,Tirrell,Morford,tmorfordpn@guardian.co.uk,Male,1984,4/9/2018,$5.13 
923,Amara,Bebis,abebispm@icq.com,Female,1988,12/15/2017,$5.49 
922,Marchelle,Godwyn,mgodwynpl@goo.ne.jp,Female,2010,5/31/2018,$3.77 
921,Saul,Stockin,sstockinpk@homestead.com,Male,1996,4/12/2018,$9.38 
920,Maxy,MacCarter,mmaccarterpj@youku.com,Female,1993,3/4/2018,$9.97 
919,Lonee,Drysdale,ldrysdalepi@freewebs.com,Female,2009,8/23/2018,$9.93 
918,Reynard,Potkin,rpotkinph@ibm.com,Male,2004,6/11/2018,$0.87 
917,Ruddie,Graham,rgrahampg@sphinn.com,Male,1986,4/15/2018,$8.57 
916,Jordon,Galey,jgaleypf@com.com,Male,2004,8/12/2018,$4.46 
915,Rafaela,Carey,rcareype@ycombinator.com,Female,2010,12/21/2017,$0.87 
914,Alidia,Forestall,aforestallpd@angelfire.com,Female,2003,5/24/2018,$7.59 
913,Kally,Chace,kchacepc@jalbum.net,Female,2004,12/14/2017,$5.96 
912,Sarene,Bulley,sbulleypb@imdb.com,Female,1987,6/15/2018,$7.21 
911,Graehme,Lipscombe,glipscombepa@fda.gov,Male,2006,8/13/2018,$7.77 
910,Rodrique,Powers,rpowersp9@statcounter.com,Male,2002,2/1/2018,$6.95 
909,Bernhard,Greensall,bgreensallp8@cloudflare.com,Male,1991,7/21/2018,$6.04 
908,Zacherie,Skeldinge,zskeldingep7@newyorker.com,Male,2003,8/30/2018,$2.38 
907,Eleen,Asty,eastyp6@abc.net.au,Female,1992,8/26/2018,$5.76 
906,Roobbie,Gowry,rgowryp5@go.com,Female,2010,12/22/2017,$4.23 
905,Perri,Bousquet,pbousquetp4@reuters.com,Female,2007,4/18/2018,$6.44 
904,Joachim,Ianitti,jianittip3@samsung.com,Male,2000,4/9/2018,$4.18 
903,Loralee,McBrier,lmcbrierp2@ibm.com,Female,2007,12/31/2017,$6.21 
902,Bobina,Roskell,broskellp1@tmall.com,Female,1992,12/27/2017,$2.44 
901,Elvira,Matthewes,ematthewesp0@utexas.edu,Female,1987,1/26/2018,$4.32 
900,Alisha,O'Driscoll,aodriscolloz@fda.gov,Female,1995,3/3/2018,$1.86 
899,Rozamond,Shore,rshoreoy@diigo.com,Female,2011,5/4/2018,$3.18 
898,Georgy,Forster,gforsterox@ucla.edu,Male,1996,5/22/2018,$1.99 
897,Joey,Fairburn,jfairburnow@cbsnews.com,Female,1999,4/14/2018,$4.56 
896,Darbie,Janton,djantonov@yellowpages.com,Female,2010,2/21/2018,$8.35 
895,Cleve,Drillingcourt,cdrillingcourtou@unesco.org,Male,2007,7/9/2018,$3.25 
894,Rodney,Arnott,rarnottot@house.gov,Male,1984,10/22/2018,$3.65 
893,Alisander,Speechley,aspeechleyos@homestead.com,Male,1991,10/28/2018,$1.13 
892,Cacilie,Crace,ccraceor@tmall.com,Female,1990,2/10/2018,$3.05 
891,Edi,Ronan,eronanoq@stumbleupon.com,Female,2012,6/9/2018,$6.92 
890,Terri-jo,Goreway,tgorewayop@live.com,Female,1994,7/27/2018,$4.18 
889,Sarina,Andersch,sanderschoo@discovery.com,Female,1981,12/19/2017,$9.08 
888,Edvard,Bleything,ebleythingon@newsvine.com,Male,1992,11/25/2018,$4.36 
887,Danell,Geraldi,dgeraldiom@over-blog.com,Female,2004,3/16/2018,$0.31 
886,Ulrike,Dimitresco,udimitrescool@ucoz.com,Female,1998,6/27/2018,$8.86 
885,Larina,Dener,ldenerok@java.com,Female,2007,12/17/2017,$0.36 
884,Feliks,Dunmore,fdunmoreoj@multiply.com,Male,1987,10/4/2018,$8.93 
883,Ive,Bengal,ibengaloi@patch.com,Male,2006,5/27/2018,$7.26 
882,Donalt,Mulford,dmulfordoh@senate.gov,Male,2002,10/18/2018,$4.52 
881,Jeana,Huchot,jhuchotog@cbsnews.com,Female,1987,12/11/2017,$8.82 
880,Roman,Nettle,rnettleof@networksolutions.com,Male,2003,8/17/2018,$9.46 
879,Burk,McClaurie,bmcclaurieoe@parallels.com,Male,1996,7/16/2018,$1.29 
878,Crin,Been,cbeenod@weather.com,Female,1994,6/26/2018,$4.87 
877,Griff,Kolodziej,gkolodziejoc@redcross.org,Male,2012,3/30/2018,$0.18 
876,Dennison,Hugonneau,dhugonneauob@economist.com,Male,2004,12/25/2017,$9.80 
875,Alick,Pepall,apepalloa@feedburner.com,Male,2012,8/14/2018,$5.69 
874,Edd,Foucar,efoucaro9@imgur.com,Male,1984,1/18/2018,$1.39 
873,Dorey,Fareweather,dfareweathero8@digg.com,Female,2003,10/31/2018,$3.87 
872,Jordanna,Strowthers,jstrowtherso7@samsung.com,Female,2008,10/14/2018,$5.01 
871,Konstance,Butt,kbutto6@indiegogo.com,Female,1991,10/8/2018,$9.76 
870,Luise,Dymidowicz,ldymidowiczo5@sphinn.com,Female,2013,3/30/2018,$0.55 
869,Pauline,Blaksley,pblaksleyo4@marriott.com,Female,1984,10/8/2018,$0.45 
868,Min,Bartod,mbartodo3@blogspot.com,Female,2012,11/18/2018,$9.56 
867,Arly,Tottman,atottmano2@wsj.com,Female,1989,12/25/2017,$8.98 
866,Linnet,Kerins,lkerinso1@blogger.com,Female,2004,9/13/2018,$1.62 
865,Theresita,Chatainier,tchatainiero0@webmd.com,Female,2008,7/27/2018,$1.01 
864,Paige,Fourmy,pfourmynz@vk.com,Male,2011,12/14/2017,$2.74 
863,Raphaela,Brandenberg,rbrandenbergny@gnu.org,Female,2006,6/23/2018,$5.43 
862,Gage,Leydon,gleydonnx@ycombinator.com,Male,1999,4/19/2018,$8.92 
861,Reggi,Larne,rlarnenw@tinyurl.com,Female,1997,1/22/2018,$0.47 
860,Maureene,Wandrach,mwandrachnv@wsj.com,Female,1993,1/8/2018,$7.63 
859,Sasha,Prevost,sprevostnu@mediafire.com,Female,1998,12/1/2017,$1.45 
858,Sayers,Redmain,sredmainnt@springer.com,Male,1995,11/22/2018,$7.21 
857,Myles,Beckett,mbeckettns@instagram.com,Male,2007,11/3/2018,$4.55 
856,Abbe,Goney,agoneynr@usa.gov,Male,1984,6/7/2018,$2.26 
855,Pooh,Lazarus,plazarusnq@furl.net,Male,2011,7/5/2018,$0.71 
854,Ediva,Bonehill,ebonehillnp@washingtonpost.com,Female,2008,10/20/2018,$6.14 
853,Leland,Kelcey,lkelceyno@ucla.edu,Male,2006,4/12/2018,$1.69 
852,Elmira,Langtry,elangtrynn@hp.com,Female,2006,12/5/2017,$0.62 
851,Juditha,Scanlan,jscanlannm@free.fr,Female,1993,8/31/2018,$0.37 
850,Beulah,Tattam,btattamnl@netscape.com,Female,2000,9/26/2018,$8.72 
849,Yule,Flores,yfloresnk@chron.com,Male,1992,9/4/2018,$3.17 
848,Pansie,Dewdney,pdewdneynj@buzzfeed.com,Female,2005,3/8/2018,$3.13 
847,Marleah,O'Farrell,mofarrellni@kickstarter.com,Female,2005,3/1/2018,$1.69 
846,Ame,Carme,acarmenh@seattletimes.com,Female,2006,6/1/2018,$0.74 
845,Gerardo,Keppin,gkeppinng@bigcartel.com,Male,2004,7/8/2018,$6.15 
844,Eunice,Greves,egrevesnf@foxnews.com,Female,2010,5/12/2018,$1.25 
843,Gonzalo,Pentycross,gpentycrossne@bloglines.com,Male,2005,9/3/2018,$6.95 
842,Tresa,Ayliffe,tayliffend@nyu.edu,Female,1991,11/8/2018,$1.55 
841,Frazier,Omond,fomondnc@forbes.com,Male,2001,6/7/2018,$9.22 
840,Ike,Rosenberg,irosenbergnb@salon.com,Male,2003,10/28/2018,$8.86 
839,Ulrica,Balas,ubalasna@comcast.net,Female,1983,6/14/2018,$1.22 
838,Arline,McPhilip,amcphilipn9@china.com.cn,Female,1998,1/6/2018,$6.94 
837,Elva,Edgeley,eedgeleyn8@spiegel.de,Female,2009,11/28/2017,$1.80 
836,Shel,Alsopp,salsoppn7@yelp.com,Female,2009,9/20/2018,$4.30 
835,Jonie,Macquire,jmacquiren6@latimes.com,Female,2006,4/22/2018,$6.20 
834,Brinna,Bezzant,bbezzantn5@symantec.com,Female,2009,8/17/2018,$0.20 
833,Angil,Metzig,ametzign4@hugedomains.com,Female,2000,10/26/2018,$9.98 
832,Michal,Alcorn,malcornn3@icq.com,Male,2009,7/23/2018,$2.81 
831,Keri,Ornelas,kornelasn2@typepad.com,Female,1994,11/3/2018,$7.05 
830,Dniren,Curnokk,dcurnokkn1@tuttocitta.it,Female,1999,10/8/2018,$3.83 
829,Min,Darleston,mdarlestonn0@mashable.com,Female,2001,12/16/2017,$7.06 
828,Parsifal,Livsey,plivseymz@hibu.com,Male,2007,11/14/2018,$2.02 
827,Audy,Moen,amoenmy@techcrunch.com,Female,2008,2/17/2018,$1.37 
826,Christan,Slowley,cslowleymx@wix.com,Female,1997,10/22/2018,$1.24 
825,Fabien,Heys,fheysmw@telegraph.co.uk,Male,2011,11/3/2018,$3.16 
824,Claudia,Mash,cmashmv@google.cn,Female,2007,2/5/2018,$2.78 
823,Mason,Elby,melbymu@networksolutions.com,Male,2009,5/10/2018,$0.49 
822,Druci,Schooling,dschoolingmt@go.com,Female,2008,4/30/2018,$8.05 
821,Brod,Harnwell,bharnwellms@columbia.edu,Male,1988,10/5/2018,$1.30 
820,Chadwick,Esland,ceslandmr@drupal.org,Male,2009,5/20/2018,$7.19 
819,Thomas,Hirtzmann,thirtzmannmq@deliciousdays.com,Male,2001,7/21/2018,$7.38 
818,Denys,Kelledy,dkelledymp@hc360.com,Male,2005,2/8/2018,$1.11 
817,Hedda,O'Scollain,hoscollainmo@globo.com,Female,1995,1/24/2018,$3.13 
816,Ali,Fenning,afenningmn@ucoz.ru,Male,1997,6/14/2018,$9.74 
815,Sydelle,Tevlin,stevlinmm@nyu.edu,Female,2012,2/3/2018,$7.76 
814,Waylan,Bagg,wbaggml@oracle.com,Male,2002,1/25/2018,$9.18 
813,Reggis,Kimmings,rkimmingsmk@samsung.com,Male,1993,11/14/2018,$2.24 
812,Elliot,Legges,eleggesmj@ibm.com,Male,2005,1/30/2018,$2.06 
811,Rebeka,Elington,relingtonmi@stanford.edu,Female,2010,6/30/2018,$1.90 
810,Trace,Collisson,tcollissonmh@shinystat.com,Male,2009,2/8/2018,$3.78 
809,Rene,Zanetello,rzanetellomg@clickbank.net,Male,1995,7/23/2018,$9.67 
808,Eddie,Habbershon,ehabbershonmf@salon.com,Female,2001,6/17/2018,$1.45 
807,Barnaby,Backwell,bbackwellme@mediafire.com,Male,2011,9/27/2018,$0.17 
806,Farica,Hurford,fhurfordmd@friendfeed.com,Female,2012,4/12/2018,$0.21 
805,Dael,Riddoch,driddochmc@1688.com,Male,2012,10/10/2018,$2.69 
804,Elberta,Davidovich,edavidovichmb@twitter.com,Female,2003,3/15/2018,$3.37 
803,Karina,Limbert,klimbertma@buzzfeed.com,Female,2001,7/31/2018,$1.03 
802,Earvin,Wahlberg,ewahlbergm9@harvard.edu,Male,2011,2/1/2018,$6.31 
801,Hayward,Lissaman,hlissamanm8@chicagotribune.com,Male,1993,2/17/2018,$3.45 
800,Conchita,Aubury,cauburym7@auda.org.au,Female,1999,11/2/2018,$4.48 
799,Cornie,Piscopello,cpiscopellom6@un.org,Male,2012,12/7/2017,$3.60 
798,Tomaso,Kauffman,tkauffmanm5@toplist.cz,Male,2001,4/16/2018,$4.54 
797,Alix,Donoher,adonoherm4@google.fr,Male,1998,8/7/2018,$1.75 
796,Dolores,Billo,dbillom3@shutterfly.com,Female,2009,3/10/2018,$6.81 
795,Bar,Cawkill,bcawkillm2@dedecms.com,Male,2008,8/13/2018,$7.98 
794,Pearla,Proswell,pproswellm1@tinypic.com,Female,1999,12/11/2017,$0.74 
793,Georgi,Springham,gspringhamm0@wunderground.com,Male,1999,5/22/2018,$1.13 
792,Wallis,Skingley,wskingleylz@fema.gov,Female,1993,2/13/2018,$9.41 
791,Egan,Busst,ebusstly@addtoany.com,Male,2006,7/2/2018,$8.73 
790,Orran,Thatcher,othatcherlx@mac.com,Male,1993,1/18/2018,$4.17 
789,Kendricks,Janeczek,kjaneczeklw@deliciousdays.com,Male,2009,12/8/2017,$3.30 
788,Mercy,Dewhirst,mdewhirstlv@blogs.com,Female,1995,3/6/2018,$3.12 
787,Lizabeth,Collison,lcollisonlu@meetup.com,Female,1997,7/14/2018,$1.21 
786,Biron,Tynan,btynanlt@instagram.com,Male,1999,4/3/2018,$0.80 
785,Ody,Dearnley,odearnleyls@howstuffworks.com,Male,1995,4/15/2018,$9.35 
784,Georgina,Fullard,gfullardlr@acquirethisname.com,Female,2011,3/1/2018,$1.74 
783,Wandis,Diggles,wdiggleslq@quantcast.com,Female,2006,8/30/2018,$7.75 
782,Jacky,Jeanin,jjeaninlp@printfriendly.com,Female,2012,6/24/2018,$1.49 
781,Goldie,Wharby,gwharbylo@friendfeed.com,Female,1985,3/31/2018,$3.48 
780,Yvon,Whithorn,ywhithornln@google.nl,Male,1995,5/11/2018,$2.10 
779,Paco,Pellingar,ppellingarlm@umich.edu,Male,1988,12/8/2017,$4.44 
778,Zeb,LeEstut,zleestutll@sbwire.com,Male,1999,3/4/2018,$9.65 
777,Pearla,Habershaw,phabershawlk@yellowbook.com,Female,2003,6/5/2018,$7.01 
776,Zondra,Hyde,zhydelj@naver.com,Female,2007,1/26/2018,$5.98 
775,Winslow,Luxon,wluxonli@sbwire.com,Male,1992,2/6/2018,$9.23 
774,Lorant,Kidson,lkidsonlh@github.io,Male,2012,1/24/2018,$7.11 
773,Ajay,Bertome,abertomelg@webmd.com,Female,2007,4/24/2018,$0.28 
772,Darcy,Ickov,dickovlf@jimdo.com,Female,1989,1/18/2018,$0.34 
771,Glenn,Golbourn,ggolbournle@auda.org.au,Male,2001,9/9/2018,$6.08 
770,Marleah,Rewan,mrewanld@google.co.uk,Female,2002,4/7/2018,$3.48 
769,Jesse,Pendrich,jpendrichlc@disqus.com,Male,1988,12/21/2017,$8.96 
768,Elbert,Lloyd-Williams,elloydwilliamslb@dedecms.com,Male,2002,5/4/2018,$6.66 
767,Padget,Goacher,pgoacherla@earthlink.net,Male,2007,3/1/2018,$3.95 
766,Barnie,Demanche,bdemanchel9@hostgator.com,Male,1997,12/10/2017,$3.10 
765,Lynnette,Dabels,ldabelsl8@bloomberg.com,Female,2001,12/11/2017,$1.48 
764,Coraline,Clother,cclotherl7@tripadvisor.com,Female,2011,9/28/2018,$6.52 
763,Aundrea,Nitti,anittil6@example.com,Female,2000,9/30/2018,$5.76 
762,Lucio,Treacher,ltreacherl5@yandex.ru,Male,2005,2/24/2018,$7.23 
761,Cort,Cowpe,ccowpel4@bloglines.com,Male,2001,7/5/2018,$8.45 
760,Chiquita,Kemball,ckemballl3@discuz.net,Female,2009,1/22/2018,$9.42 
759,Ranee,Thomason,rthomasonl2@comcast.net,Female,2012,8/2/2018,$8.37 
758,Amelina,Tufts,atuftsl1@clickbank.net,Female,1999,5/2/2018,$3.66 
757,Greggory,Stuttman,gstuttmanl0@sun.com,Male,2008,5/25/2018,$9.17 
756,Rudy,Bohan,rbohankz@bluehost.com,Male,1987,6/4/2018,$5.34 
755,Gaspar,Mowle,gmowleky@digg.com,Male,1993,3/27/2018,$1.10 
754,Borden,Dri,bdrikx@ameblo.jp,Male,2004,10/16/2018,$4.05 
753,Ines,Guiness,iguinesskw@soundcloud.com,Female,2002,12/27/2017,$1.65 
752,Colas,Rozanski,crozanskikv@cnn.com,Male,2010,6/18/2018,$9.75 
751,Sunny,Antonoyev,santonoyevku@yandex.ru,Male,1995,3/7/2018,$1.84 
750,Kalle,Kopisch,kkopischkt@sakura.ne.jp,Male,2004,6/3/2018,$2.14 
749,Quintin,Feldstein,qfeldsteinks@nymag.com,Male,2004,10/22/2018,$2.08 
748,Connie,Dickson,cdicksonkr@t-online.de,Male,1993,7/18/2018,$6.06 
747,Matilda,Picott,mpicottkq@washington.edu,Female,2003,1/13/2018,$6.25 
746,Nikkie,Haycock,nhaycockkp@seesaa.net,Female,1995,12/9/2017,$7.44 
745,Broderick,Garie,bgarieko@timesonline.co.uk,Male,2003,5/25/2018,$6.80 
744,Reese,Troni,rtronikn@timesonline.co.uk,Male,1998,2/9/2018,$1.47 
743,Lorianna,Burbudge,lburbudgekm@geocities.com,Female,1993,3/22/2018,$1.66 
742,Gianni,O'Neary,gonearykl@ycombinator.com,Male,2001,2/22/2018,$2.74 
741,Byran,Cockayme,bcockaymekk@gmpg.org,Male,2001,1/19/2018,$9.02 
740,Kellia,Housam,khousamkj@newyorker.com,Female,1997,3/31/2018,$5.28 
739,Yoko,Kilduff,ykilduffki@rakuten.co.jp,Female,2006,2/6/2018,$2.90 
738,Dermot,Tenby,dtenbykh@creativecommons.org,Male,2011,2/6/2018,$4.83 
737,Glennis,Hedgeley,ghedgeleykg@mayoclinic.com,Female,2008,12/19/2017,$5.47 
736,Westbrook,Pegden,wpegdenkf@yahoo.com,Male,1997,1/20/2018,$3.82 
735,Fidelia,Medlen,fmedlenke@flavors.me,Female,2003,10/5/2018,$8.26 
734,Sharia,McAw,smcawkd@1688.com,Female,2010,11/11/2018,$7.43 
733,Ronny,Ebbitt,rebbittkc@shutterfly.com,Female,2008,7/3/2018,$4.96 
732,Chaddy,Stilldale,cstilldalekb@pcworld.com,Male,2006,2/14/2018,$5.30 
731,Traver,Sowood,tsowoodka@weather.com,Male,2009,5/4/2018,$1.81 
730,Dona,Faley,dfaleyk9@wiley.com,Female,2002,4/1/2018,$9.29 
729,Roby,Worman,rwormank8@ox.ac.uk,Female,2006,8/12/2018,$2.27 
728,Emmie,Sheere,esheerek7@shutterfly.com,Female,2013,8/23/2018,$9.57 
727,Powell,Winsper,pwinsperk6@imgur.com,Male,2003,8/6/2018,$3.97 
726,Darcee,Stainton - Skinn,dstaintonskinnk5@answers.com,Female,2008,11/27/2017,$5.38 
725,Katrinka,Broadbridge,kbroadbridgek4@oaic.gov.au,Female,2008,1/2/2018,$9.32 
724,Gregorio,Stell,gstellk3@businesswire.com,Male,1998,9/19/2018,$3.51 
723,Ram,Lukovic,rlukovick2@ebay.co.uk,Male,2001,9/1/2018,$0.49 
722,Shaine,Melbury,smelburyk1@mysql.com,Female,2005,12/13/2017,$7.78 
721,Ebeneser,Gaitley,egaitleyk0@cmu.edu,Male,2012,11/1/2018,$7.61 
720,Jonell,Axston,jaxstonjz@webnode.com,Female,2007,7/5/2018,$5.67 
719,Palmer,Faltin,pfaltinjy@economist.com,Male,2012,5/31/2018,$4.69 
718,Federica,Fullerton,ffullertonjx@vkontakte.ru,Female,2012,5/19/2018,$5.32 
717,Evangelina,Duffie,eduffiejw@illinois.edu,Female,1994,5/23/2018,$2.66 
716,Care,Challiss,cchallissjv@cam.ac.uk,Male,1989,4/20/2018,$7.16 
715,Lesly,Sheavills,lsheavillsju@about.com,Female,2010,10/9/2018,$4.27 
714,Otis,Markwick,omarkwickjt@reference.com,Male,1995,12/20/2017,$6.86 
713,Thadeus,MacVagh,tmacvaghjs@google.cn,Male,2006,2/12/2018,$1.47 
712,Rozina,Epine,repinejr@woothemes.com,Female,2005,10/7/2018,$8.60 
711,Yvon,Scholcroft,yscholcroftjq@quantcast.com,Male,1999,7/31/2018,$9.79 
710,Jennica,Nettles,jnettlesjp@dell.com,Female,1990,4/1/2018,$2.62 
709,Dimitry,Wontner,dwontnerjo@businessweek.com,Male,2010,2/4/2018,$0.81 
708,Alistair,Greedy,agreedyjn@shop-pro.jp,Male,2010,10/28/2018,$4.08 
707,Jessie,Philipson,jphilipsonjm@xrea.com,Female,2009,9/28/2018,$7.40 
706,Roosevelt,Brundale,rbrundalejl@google.co.jp,Male,1984,11/11/2018,$4.82 
705,Eugenio,Taylorson,etaylorsonjk@cnn.com,Male,2006,12/30/2017,$0.12 
704,Gerhardine,Lambart,glambartjj@indiegogo.com,Female,1970,11/27/2017,$2.73 
703,Francoise,Queyeiro,fqueyeiroji@cargocollective.com,Female,1995,9/7/2018,$7.89 
702,Ailene,Van Leeuwen,avanleeuwenjh@squarespace.com,Female,2000,10/29/2018,$5.24 
701,Carling,Mozzi,cmozzijg@dailymail.co.uk,Male,1993,5/19/2018,$2.33 
700,Brook,Wagstaff,bwagstaffjf@ow.ly,Male,2003,4/1/2018,$1.32 
699,Marilee,Loadsman,mloadsmanje@google.fr,Female,1989,1/26/2018,$6.26 
698,Riva,Corrison,rcorrisonjd@bloglines.com,Female,2010,3/7/2018,$7.62 
697,Alleyn,Dominec,adominecjc@elpais.com,Male,1994,10/5/2018,$8.55 
696,Stoddard,Bille,sbillejb@walmart.com,Female,2011,5/1/2018,$3.32 
695,Dane,Scurrah,dscurrahja@vistaprint.com,Male,1997,9/16/2018,$1.43 
694,Les,Murdoch,lmurdochj9@google.com,Male,2008,6/13/2018,$0.73 
693,Jennilee,Patise,jpatisej8@google.pl,Female,2002,11/8/2018,$8.86 
692,Dominique,Knoles,dknolesj7@vimeo.com,Male,1994,6/29/2018,$8.39 
691,Archer,Yankeev,ayankeevj6@163.com,Male,2003,8/19/2018,$2.97 
690,Irwin,Egginson,iegginsonj5@domainmarket.com,Male,1993,3/1/2018,$8.08 
689,Benedetto,Moult,bmoultj4@telegraph.co.uk,Male,1986,12/6/2017,$5.54 
688,Lindsay,LaBastida,llabastidaj3@google.com.au,Male,2002,1/11/2018,$1.80 
687,Pen,Grigg,pgriggj2@studiopress.com,Female,2000,7/26/2018,$7.85 
686,Freemon,McCartney,fmccartneyj1@rediff.com,Male,1996,5/13/2018,$7.33 
685,Pavla,Cordel,pcordelj0@state.gov,Female,2000,3/4/2018,$5.22 
684,Lyn,Dyerson,ldyersoniz@people.com.cn,Male,2012,1/9/2018,$5.61 
683,Katherina,Iston,kistoniy@sitemeter.com,Female,1999,1/23/2018,$7.54 
682,Henderson,Sercombe,hsercombeix@last.fm,Male,2005,11/10/2018,$9.47 
681,Marti,Lawty,mlawtyiw@google.cn,Female,2010,10/26/2018,$1.62 
680,Franny,Carles,fcarlesiv@walmart.com,Male,2008,4/21/2018,$4.72 
679,Nicolle,Jouhning,njouhningiu@salon.com,Female,2001,7/2/2018,$6.67 
678,Karel,Chamberlin,kchamberlinit@apple.com,Male,1992,12/8/2017,$2.15 
677,Renault,McQuirk,rmcquirkis@bloomberg.com,Male,2001,1/2/2018,$9.22 
676,Mallory,Caldero,mcalderoir@t.co,Female,2005,1/29/2018,$5.11 
675,Joni,Gibbin,jgibbiniq@lycos.com,Female,2006,6/3/2018,$3.61 
674,Sheela,Fateley,sfateleyip@google.es,Female,2002,6/11/2018,$4.83 
673,Othello,Exroll,oexrollio@google.de,Male,2007,5/23/2018,$9.83 
672,Inger,McNirlan,imcnirlanin@bigcartel.com,Female,1993,11/5/2018,$2.01 
671,Maurita,Pepler,mpeplerim@blogspot.com,Female,1995,7/10/2018,$6.03 
670,Robbie,Brownsill,rbrownsillil@addtoany.com,Female,1990,4/27/2018,$3.90 
669,Devin,Mandell,dmandellik@sogou.com,Male,1986,8/11/2018,$9.98 
668,Willdon,Borthwick,wborthwickij@berkeley.edu,Male,2007,9/10/2018,$2.01 
667,Dallas,Parncutt,dparncuttii@i2i.jp,Male,1997,2/8/2018,$7.02 
666,Rodney,Poplee,rpopleeih@webnode.com,Male,2000,12/13/2017,$8.93 
665,Ruby,Seddon,rseddonig@smugmug.com,Male,2007,12/21/2017,$4.04 
664,Babette,Varnes,bvarnesif@whitehouse.gov,Female,2006,9/29/2018,$9.41 
663,Vick,Haycox,vhaycoxie@issuu.com,Male,2000,2/20/2018,$7.70 
662,Yasmeen,Yeowell,yyeowellid@smh.com.au,Female,2010,8/14/2018,$6.21 
661,Padriac,Alsopp,palsoppic@abc.net.au,Male,2008,3/26/2018,$9.46 
660,Alanna,Gawthorp,agawthorpib@shutterfly.com,Female,2005,12/18/2017,$4.40 
659,Kaia,Merlin,kmerlinia@shop-pro.jp,Female,2007,11/15/2018,$3.71 
658,Ema,Freeborne,efreebornei9@cam.ac.uk,Female,2012,10/18/2018,$7.48 
657,Emilie,Dampney,edampneyi8@moonfruit.com,Female,2006,4/27/2018,$5.55 
656,Edgardo,Pierse,epiersei7@uol.com.br,Male,1995,1/3/2018,$2.87 
655,Leandra,Andrusyak,landrusyaki6@buzzfeed.com,Female,2007,7/28/2018,$8.00 
654,Lek,Hurich,lhurichi5@oaic.gov.au,Male,1996,11/14/2018,$3.52 
653,Myrtle,Corr,mcorri4@unicef.org,Female,1998,10/27/2018,$4.64 
652,Sinclair,Elleray,sellerayi3@qq.com,Male,1967,8/15/2018,$2.05 
651,Elwira,Surpliss,esurplissi2@vimeo.com,Female,1987,12/5/2017,$9.66 
650,Heida,Sidwell,hsidwelli1@indiatimes.com,Female,1988,8/23/2018,$4.97 
649,Franny,Maidment,fmaidmenti0@blogspot.com,Female,1985,3/8/2018,$1.48 
648,Alvie,Lockey,alockeyhz@nytimes.com,Male,2000,12/16/2017,$9.33 
647,Silvain,Hugenin,shugeninhy@mail.ru,Male,1997,7/31/2018,$5.47 
646,Stevena,Hawksley,shawksleyhx@linkedin.com,Female,1993,5/14/2018,$1.93 
645,Sayres,Willson,swillsonhw@pcworld.com,Male,2012,10/28/2018,$8.34 
644,Winfred,Zmitruk,wzmitrukhv@biblegateway.com,Male,1992,9/23/2018,$8.56 
643,Waite,McGeagh,wmcgeaghhu@examiner.com,Male,2012,1/8/2018,$8.67 
642,Cornell,Wilce,cwilceht@yellowbook.com,Male,1993,8/13/2018,$2.47 
641,Clevie,Anthony,canthonyhs@hud.gov,Male,2005,6/30/2018,$7.37 
640,Terrell,Pullinger,tpullingerhr@craigslist.org,Male,1995,7/29/2018,$5.88 
639,Booth,Kleinschmidt,bkleinschmidthq@drupal.org,Male,2004,3/26/2018,$3.16 
638,Clerkclaude,Whild,cwhildhp@statcounter.com,Male,2003,3/28/2018,$2.88 
637,Sherilyn,Beauchop,sbeauchopho@people.com.cn,Female,2012,5/7/2018,$5.01 
636,Harald,Honeyghan,hhoneyghanhn@wordpress.com,Male,2004,2/14/2018,$4.59 
635,Carlin,Enion,cenionhm@hatena.ne.jp,Male,2003,5/5/2018,$1.96 
634,Sibley,Boanas,sboanashl@spiegel.de,Female,2004,5/22/2018,$2.97 
633,Clay,Kneller,cknellerhk@cloudflare.com,Male,1987,9/4/2018,$4.58 
632,Cori,Pinner,cpinnerhj@pagesperso-orange.fr,Male,1999,4/22/2018,$8.99 
631,Stillman,Guly,sgulyhi@spiegel.de,Male,2007,1/28/2018,$7.35 
630,Mellisa,Verecker,mvereckerhh@indiatimes.com,Female,2012,12/28/2017,$2.85 
629,Marj,Gristwood,mgristwoodhg@netvibes.com,Female,2012,4/5/2018,$7.86 
628,Peyton,Somerbell,psomerbellhf@patch.com,Male,2007,3/18/2018,$7.67 
627,Brandyn,Durand,bdurandhe@sciencedirect.com,Male,1966,9/29/2018,$8.25 
626,Lenci,Cambling,lcamblinghd@mit.edu,Male,1997,8/15/2018,$7.23 
625,Ree,Malloch,rmallochhc@geocities.com,Female,2003,7/3/2018,$8.67 
624,Niel,Mooring,nmooringhb@berkeley.edu,Male,2010,7/11/2018,$6.87 
623,Ronny,Pigne,rpigneha@ibm.com,Male,2009,8/6/2018,$5.65 
622,Ashley,Lilburn,alilburnh9@nih.gov,Female,1997,7/19/2018,$6.78 
621,Linell,Stonner,lstonnerh8@nsw.gov.au,Female,2008,7/9/2018,$4.55 
620,Juli,Snowden,jsnowdenh7@google.ru,Female,1985,9/17/2018,$0.55 
619,Vincenty,Josefowicz,vjosefowiczh6@webnode.com,Male,2002,1/29/2018,$9.79 
618,Mano,Loughrey,mloughreyh5@mysql.com,Male,2000,11/29/2017,$4.04 
617,Devora,Masse,dmasseh4@elpais.com,Female,2003,11/1/2018,$0.01 
616,Ervin,Work,eworkh3@ucoz.ru,Male,1964,11/21/2018,$2.65 
615,Lucine,Sallinger,lsallingerh2@jimdo.com,Female,2006,3/12/2018,$2.43 
614,Jacquenette,Serotsky,jserotskyh1@biglobe.ne.jp,Female,1997,3/4/2018,$3.62 
613,Ellie,McDougall,emcdougallh0@omniture.com,Female,1967,1/9/2018,$6.88 
612,Zachery,Nyland,znylandgz@squidoo.com,Male,2004,12/11/2017,$2.36 
611,Berton,Bowick,bbowickgy@google.cn,Male,1997,10/2/2018,$7.91 
610,Leandra,Cottham,lcotthamgx@nba.com,Female,2007,7/12/2018,$0.03 
609,Orlan,Kilshall,okilshallgw@shutterfly.com,Male,2006,10/10/2018,$5.87 
608,Marthe,Chansonne,mchansonnegv@theglobeandmail.com,Female,1967,4/9/2018,$3.63 
607,Bennett,MacCaull,bmaccaullgu@theguardian.com,Male,2003,12/30/2017,$0.76 
606,Jesselyn,Gerlts,jgerltsgt@fastcompany.com,Female,1998,10/10/2018,$1.45 
605,Jyoti,Hawick,jhawickgs@google.com,Female,2008,9/13/2018,$2.10 
604,Clarabelle,Chapling,cchaplinggr@163.com,Female,1965,5/6/2018,$1.04 
603,Sonny,Beasley,sbeasleygq@storify.com,Male,2005,12/17/2017,$3.33 
602,Saxon,Currom,scurromgp@ucoz.com,Male,2000,2/16/2018,$9.18 
601,Fayth,Lockier,flockiergo@macromedia.com,Female,2011,12/27/2017,$8.91 
600,Ora,Plumer,oplumergn@home.pl,Female,2003,8/22/2018,$2.09 
599,Lorie,Ainsley,lainsleygm@hibu.com,Female,1999,1/31/2018,$6.66 
598,Lorrayne,Tiplady,ltipladygl@about.com,Female,2010,2/9/2018,$2.61 
597,Denise,Spaice,dspaicegk@pagesperso-orange.fr,Female,2004,4/21/2018,$2.52 
596,Sarette,O'Carran,socarrangj@cpanel.net,Female,2006,8/4/2018,$2.08 
595,Marcelia,Foottit,mfoottitgi@walmart.com,Female,1989,10/28/2018,$5.09 
594,Emlen,Gregh,egreghgh@comsenz.com,Male,1994,2/18/2018,$6.77 
593,Harvey,Polotti,hpolottigg@aboutads.info,Male,2004,2/1/2018,$2.30 
592,Valentino,Olenchenko,volenchenkogf@ca.gov,Male,2012,8/30/2018,$2.82 
591,Ulrick,Castaignet,ucastaignetge@state.tx.us,Male,1961,2/6/2018,$1.27 
590,Cordi,Robinson,crobinsongd@mapquest.com,Female,1988,7/25/2018,$8.44 
589,Elmore,Playdon,eplaydongc@fc2.com,Male,1998,6/3/2018,$2.91 
588,Frasquito,Elliman,fellimangb@squidoo.com,Male,2001,3/11/2018,$0.95 
587,Uri,Fandrey,ufandreyga@quantcast.com,Male,2000,4/19/2018,$8.54 
586,Wallie,Mealand,wmealandg9@answers.com,Female,1995,9/15/2018,$8.16 
585,Odelinda,Murrow,omurrowg8@smugmug.com,Female,2005,7/22/2018,$2.08 
584,Lura,Benoy,lbenoyg7@ifeng.com,Female,2002,6/19/2018,$9.92 
583,Elsie,Castagnier,ecastagnierg6@marriott.com,Female,1993,1/30/2018,$7.35 
582,Hamilton,Instock,hinstockg5@qq.com,Male,1997,7/16/2018,$6.35 
581,Filberto,Anscott,fanscottg4@technorati.com,Male,2007,5/14/2018,$2.95 
580,Lyn,Scneider,lscneiderg3@so-net.ne.jp,Male,2008,3/15/2018,$8.50 
579,Avram,Kellock,akellockg2@imdb.com,Male,1985,6/12/2018,$4.63 
578,Benedikta,Tylor,btylorg1@icio.us,Female,1996,7/29/2018,$0.10 
577,Giavani,Cowburn,gcowburng0@vimeo.com,Male,2012,10/13/2018,$0.00 
576,Hobie,Lavrinov,hlavrinovfz@auda.org.au,Male,2004,8/23/2018,$7.81 
575,Prudi,Liddiard,pliddiardfy@latimes.com,Female,2007,2/26/2018,$3.20 
574,Kev,Baversor,kbaversorfx@umich.edu,Male,1998,3/7/2018,$8.63 
573,Freddy,Anthes,fanthesfw@yale.edu,Female,2005,5/22/2018,$0.08 
572,Gasper,Iacofo,giacofofv@apache.org,Male,2011,3/12/2018,$2.89 
571,Dotty,Beringer,dberingerfu@clickbank.net,Female,2011,9/5/2018,$6.55 
570,Tiertza,Roblin,troblinft@liveinternet.ru,Female,1992,10/12/2018,$2.71 
569,Dollie,Bellringer,dbellringerfs@nps.gov,Female,2010,4/15/2018,$4.51 
568,Lyndsey,Hemshall,lhemshallfr@devhub.com,Female,1994,9/3/2018,$1.94 
567,Averyl,Burcher,aburcherfq@wisc.edu,Female,2000,12/3/2017,$6.30 
566,Augusto,Burndred,aburndredfp@wsj.com,Male,2003,8/4/2018,$4.79 
565,Garwin,Penman,gpenmanfo@ebay.com,Male,2007,3/31/2018,$7.83 
564,Karlene,Orbon,korbonfn@vk.com,Female,2011,6/12/2018,$7.15 
563,Falito,Swinford,fswinfordfm@sphinn.com,Male,2010,9/17/2018,$2.16 
562,Bambi,Meckiff,bmeckifffl@51.la,Female,2008,12/31/2017,$0.00 
561,Dimitri,Easeman,deasemanfk@hostgator.com,Male,2008,4/4/2018,$3.64 
560,Vasily,Pengilley,vpengilleyfj@biglobe.ne.jp,Male,2002,1/9/2018,$2.09 
559,Ron,Tregien,rtregienfi@deviantart.com,Male,1998,9/21/2018,$8.08 
558,Laural,Glendinning,lglendinningfh@indiatimes.com,Female,1996,1/29/2018,$4.75 
557,Neal,Lipmann,nlipmannfg@pen.io,Male,2008,12/24/2017,$9.55 
556,Pincas,Leynagh,pleynaghff@usatoday.com,Male,1993,1/4/2018,$9.92 
555,Glenine,Malter,gmalterfe@drupal.org,Female,1999,3/10/2018,$4.47 
554,Lemar,Benmore,lbenmorefd@sbwire.com,Male,2000,3/9/2018,$4.09 
553,Josefa,Cutill,jcutillfc@domainmarket.com,Female,1972,2/17/2018,$4.78 
552,Craggie,O'Docherty,codochertyfb@cnbc.com,Male,1996,8/16/2018,$9.88 
551,Ryley,Maffini,rmaffinifa@4shared.com,Male,1991,10/11/2018,$3.18 
550,Gerhardine,Loughton,gloughtonf9@freewebs.com,Female,2000,8/8/2018,$6.14 
549,Oralia,Jurick,ojurickf8@netlog.com,Female,2005,12/9/2017,$7.40 
548,Karil,Scading,kscadingf7@imageshack.us,Female,2007,2/16/2018,$2.60 
547,Rabbi,Schuricht,rschurichtf6@purevolume.com,Male,2000,4/24/2018,$9.55 
546,Yul,McDirmid,ymcdirmidf5@slate.com,Male,1993,1/6/2018,$8.39 
545,Marion,Moulster,mmoulsterf4@un.org,Male,2009,8/23/2018,$5.74 
544,Sandye,Statefield,sstatefieldf3@about.me,Female,1997,5/20/2018,$2.32 
543,Karia,Taunton.,ktauntonf2@theglobeandmail.com,Female,1993,11/11/2018,$3.09 
542,Dugald,Iskov,diskovf1@huffingtonpost.com,Male,2010,7/18/2018,$2.59 
541,Lilith,Bunworth,lbunworthf0@taobao.com,Female,2011,6/4/2018,$9.49 
540,Jacqueline,McTurley,jmcturleyez@histats.com,Female,1991,6/3/2018,$2.57 
539,Raeann,Petkens,rpetkensey@ycombinator.com,Female,2006,2/13/2018,$3.38 
538,Shandy,Ellard,sellardex@cam.ac.uk,Female,2002,4/27/2018,$9.26 
537,Ben,Ninnoli,bninnoliew@weebly.com,Male,1996,8/17/2018,$4.22 
536,Jilleen,Wurz,jwurzev@icio.us,Female,1998,12/22/2017,$6.45 
535,Wenona,Robertacci,wrobertaccieu@microsoft.com,Female,2005,8/23/2018,$7.28 
534,Viki,Mawson,vmawsonet@mtv.com,Female,1991,9/24/2018,$8.12 
533,Kirk,Lukasik,klukasikes@telegraph.co.uk,Male,1993,2/23/2018,$6.71 
532,Marty,Pountain,mpountainer@cisco.com,Male,2005,1/19/2018,$0.85 
531,Fredelia,Jacombs,fjacombseq@msn.com,Female,2008,9/20/2018,$1.15 
530,Elvin,Laviss,elavissep@harvard.edu,Male,2002,11/1/2018,$8.55 
529,Foss,Lyness,flynesseo@1688.com,Male,2009,8/26/2018,$0.61 
528,Abran,Jorry,ajorryen@google.co.jp,Male,2005,7/23/2018,$5.39 
527,Fraze,Hallatt,fhallattem@privacy.gov.au,Male,1995,5/25/2018,$5.86 
526,Milicent,MacAndie,mmacandieel@accuweather.com,Female,2008,4/5/2018,$4.76 
525,Larry,Anthona,lanthonaek@java.com,Male,2008,4/8/2018,$3.44 
524,Shae,Denisovo,sdenisovoej@tamu.edu,Female,2006,5/24/2018,$1.88 
523,Brennen,Corkel,bcorkelei@google.nl,Male,2005,1/7/2018,$5.18 
522,Earle,Frick,efrickeh@gravatar.com,Male,1997,8/2/2018,$5.71 
521,Ezmeralda,Hinsche,ehinscheeg@pagesperso-orange.fr,Female,1977,3/20/2018,$6.92 
520,Gun,Gounel,ggounelef@prweb.com,Male,2000,11/7/2018,$4.81 
519,Lucien,Mutimer,lmutimeree@cbc.ca,Male,2000,8/23/2018,$1.32 
518,Gracie,Farrand,gfarranded@creativecommons.org,Female,2003,12/8/2017,$6.90 
517,Raphaela,Mazin,rmazinec@prlog.org,Female,1961,3/6/2018,$8.90 
516,Ambrosi,Hallede,ahalledeeb@ycombinator.com,Male,1995,6/28/2018,$9.42 
515,Blithe,Cozins,bcozinsea@comcast.net,Female,2009,10/29/2018,$9.09 
514,Kira,Halpin,khalpine9@gmpg.org,Female,2003,9/8/2018,$7.53 
513,Kelley,Shane,kshanee8@harvard.edu,Female,2002,11/11/2018,$0.23 
512,Twila,Brackenridge,tbrackenridgee7@umn.edu,Female,2000,6/8/2018,$1.41 
511,Alvera,Miguel,amiguele6@toplist.cz,Female,2010,6/26/2018,$6.97 
510,Louella,Fermer,lfermere5@blogger.com,Female,1992,4/12/2018,$1.93 
509,Toddie,Creus,tcreuse4@barnesandnoble.com,Male,2003,3/27/2018,$5.04 
508,Rene,McKinstry,rmckinstrye3@ow.ly,Female,1996,2/1/2018,$2.67 
507,Alex,Glowacz,aglowacze2@ed.gov,Female,2009,8/8/2018,$1.94 
506,Sawyere,Grand,sgrande1@chron.com,Male,1999,4/16/2018,$6.50 
505,Emyle,Tosspell,etosspelle0@sakura.ne.jp,Female,1999,4/10/2018,$0.03 
504,Rudyard,Falck,rfalckdz@domainmarket.com,Male,1991,2/12/2018,$0.18 
503,Gus,Schindler,gschindlerdy@tinypic.com,Male,2001,9/10/2018,$4.11 
502,Myrwyn,MacKean,mmackeandx@booking.com,Male,2008,4/21/2018,$6.17 
501,Nevin,Wharram,nwharramdw@mediafire.com,Male,1993,9/27/2018,$4.35 
500,Elysee,Friday,efridaydv@engadget.com,Female,2008,2/11/2018,$3.26 
499,Forrester,Dollin,fdollindu@artisteer.com,Male,2005,5/11/2018,$4.34 
498,Bancroft,Clewer,bclewerdt@patch.com,Male,1987,11/18/2018,$5.55 
497,Sally,Kovacs,skovacsds@mashable.com,Female,2008,3/13/2018,$6.48 
496,Devi,Masseo,dmasseodr@netvibes.com,Female,2011,11/14/2018,$0.68 
495,Cathrine,Meineken,cmeinekendq@aol.com,Female,2006,10/3/2018,$3.16 
494,Merell,Gligori,mgligoridp@wired.com,Male,2000,6/10/2018,$7.29 
493,Nickolas,Spohr,nspohrdo@stumbleupon.com,Male,1998,10/29/2018,$6.26 
492,Arliene,Donke,adonkedn@answers.com,Female,1986,8/28/2018,$5.86 
491,Craig,Heal,chealdm@boston.com,Male,2011,1/14/2018,$6.93 
490,Leodora,Speares,lspearesdl@privacy.gov.au,Female,1995,9/1/2018,$5.67 
489,Susanetta,Guyonneau,sguyonneaudk@e-recht24.de,Female,2011,3/1/2018,$0.94 
488,Roscoe,Gallaway,rgallawaydj@indiegogo.com,Male,2011,2/7/2018,$0.48 
487,Joete,Audus,jaudusdi@multiply.com,Female,1993,2/23/2018,$8.76 
486,Barb,Dunphy,bdunphydh@blogger.com,Female,2009,11/2/2018,$5.05 
485,Giselle,Eplett,geplettdg@dropbox.com,Female,1994,11/2/2018,$1.13 
484,Patrizio,Fullerton,pfullertondf@wikia.com,Male,2006,1/3/2018,$0.04 
483,Diandra,Bigmore,dbigmorede@issuu.com,Female,1971,12/10/2017,$1.09 
482,Ulises,Chapelle,uchapelledd@bbb.org,Male,1995,6/19/2018,$1.79 
481,Robina,Stripp,rstrippdc@earthlink.net,Female,2001,10/7/2018,$3.39 
480,Tiphani,Pearman,tpearmandb@smh.com.au,Female,1986,11/9/2018,$3.40 
479,Allie,Schachter,aschachterda@123-reg.co.uk,Male,2010,4/13/2018,$4.07 
478,Augustin,Kerby,akerbyd9@desdev.cn,Male,1998,6/19/2018,$8.07 
477,Giulio,Life,glifed8@storify.com,Male,2006,6/28/2018,$3.31 
476,Goddard,Padell,gpadelld7@accuweather.com,Male,2011,1/18/2018,$9.82 
475,Jojo,Chezier,jchezierd6@com.com,Female,1989,2/28/2018,$9.50 
474,Leland,Jarlmann,ljarlmannd5@bbc.co.uk,Female,2007,5/13/2018,$7.75 
473,Junie,Gelly,jgellyd4@cisco.com,Female,2005,2/2/2018,$9.18 
472,Mayor,Bigham,mbighamd3@smugmug.com,Male,1994,9/17/2018,$2.83 
471,Jamison,Sinkings,jsinkingsd2@wsj.com,Male,2011,10/14/2018,$8.39 
470,Carlin,Derrick,cderrickd1@issuu.com,Male,2005,3/26/2018,$5.25 
469,Alaric,Joynt,ajoyntd0@freewebs.com,Male,2004,5/13/2018,$2.57 
468,Joana,Rounsefell,jrounsefellcz@reference.com,Female,1999,5/13/2018,$6.99 
467,Wiatt,Winchurch,wwinchurchcy@facebook.com,Male,2008,6/20/2018,$4.55 
466,Jacinda,Arnholz,jarnholzcx@gnu.org,Female,1999,1/20/2018,$0.78 
465,Horton,Downer,hdownercw@foxnews.com,Male,2010,6/29/2018,$2.98 
464,Raffarty,Sworder,rswordercv@google.co.uk,Male,2009,9/17/2018,$5.04 
463,Hurley,Hasley,hhasleycu@loc.gov,Male,1988,9/22/2018,$2.32 
462,Marian,Soars,msoarsct@etsy.com,Female,2000,11/14/2018,$2.20 
461,Desiri,Strelitzer,dstrelitzercs@washingtonpost.com,Female,1985,10/6/2018,$8.98 
460,Michal,Giacomozzo,mgiacomozzocr@umn.edu,Female,2007,6/19/2018,$3.18 
459,Billy,Baddeley,bbaddeleycq@wiley.com,Female,1993,6/26/2018,$5.57 
458,Nanci,Cottisford,ncottisfordcp@dedecms.com,Female,2005,12/25/2017,$1.38 
457,Lynea,Renforth,lrenforthco@army.mil,Female,2012,3/7/2018,$8.11 
456,Genna,Davidi,gdavidicn@uol.com.br,Female,1994,3/24/2018,$5.87 
455,Babita,Summers,bsummerscm@sogou.com,Female,2000,10/22/2018,$7.92 
454,Cody,Trase,ctrasecl@cbslocal.com,Male,1995,2/1/2018,$5.34 
453,Giacobo,Kuhnel,gkuhnelck@macromedia.com,Male,1997,12/23/2017,$7.60 
452,Agnese,Fallen,afallencj@newsvine.com,Female,2009,6/9/2018,$2.98 
451,Fanni,Verrico,fverricoci@webeden.co.uk,Female,1994,9/16/2018,$0.16 
450,Floris,Giottini,fgiottinich@xrea.com,Female,2003,7/18/2018,$3.10 
449,Isador,Neeves,ineevescg@wunderground.com,Male,2010,7/22/2018,$3.37 
448,Mendy,Crielly,mcriellycf@feedburner.com,Male,1996,3/29/2018,$8.35 
447,Teddie,Ashton,tashtonce@over-blog.com,Female,1988,12/1/2017,$7.20 
446,Augustus,Labrone,alabronecd@ask.com,Male,2001,10/14/2018,$3.33 
445,Ambrosio,Curless,acurlesscc@rediff.com,Male,2012,7/22/2018,$5.89 
444,Moshe,Parmenter,mparmentercb@mapy.cz,Male,2008,5/29/2018,$7.04 
443,Annalise,Pate,apateca@dot.gov,Female,2002,9/25/2018,$6.35 
442,Nedda,Krabbe,nkrabbec9@examiner.com,Female,2006,10/28/2018,$6.22 
441,Nissy,Starmont,nstarmontc8@nature.com,Female,2012,9/19/2018,$9.81 
440,Jami,Kornes,jkornesc7@de.vu,Female,1992,5/25/2018,$4.58 
439,Jen,Grinishin,jgrinishinc6@china.com.cn,Female,1984,6/13/2018,$9.19 
438,Bette-ann,O'Doghesty,bodoghestyc5@admin.ch,Female,2011,10/27/2018,$9.69 
437,Shantee,Botten,sbottenc4@livejournal.com,Female,1994,12/29/2017,$3.22 
436,Mari,Bispham,mbisphamc3@topsy.com,Female,1996,1/21/2018,$5.06 
435,Maddy,Dighton,mdightonc2@over-blog.com,Male,1993,3/16/2018,$9.74 
434,Dre,Manilove,dmanilovec1@diigo.com,Female,1992,7/3/2018,$0.87 
433,Angie,Studdal,astuddalc0@over-blog.com,Female,2002,7/15/2018,$6.60 
432,Benn,Godley,bgodleybz@ask.com,Male,2002,3/27/2018,$3.42 
431,Etty,Greenalf,egreenalfby@exblog.jp,Female,2001,2/18/2018,$2.27 
430,Donelle,Westby,dwestbybx@home.pl,Female,2004,7/25/2018,$4.82 
429,Alameda,Pointin,apointinbw@hao123.com,Female,2007,1/4/2018,$3.67 
428,Ransom,Vogelein,rvogeleinbv@issuu.com,Male,2005,5/19/2018,$4.69 
427,Lutero,Askham,laskhambu@shinystat.com,Male,1995,2/27/2018,$6.43 
426,Othilie,Fearnsides,ofearnsidesbt@constantcontact.com,Female,2002,5/9/2018,$5.52 
425,Xaviera,Crump,xcrumpbs@admin.ch,Female,1994,10/16/2018,$7.47 
424,Dorey,Slinger,dslingerbr@angelfire.com,Female,2007,9/7/2018,$2.82 
423,Emlyn,Corkan,ecorkanbq@ocn.ne.jp,Female,1986,3/5/2018,$3.97 
422,Roseline,Avramchik,ravramchikbp@smh.com.au,Female,1994,1/22/2018,$7.20 
421,Judd,Speedy,jspeedybo@umich.edu,Male,2012,1/1/2018,$4.62 
420,Terri,Hubble,thubblebn@cmu.edu,Male,1986,6/9/2018,$6.93 
419,Lilyan,Morit,lmoritbm@cam.ac.uk,Female,1996,5/19/2018,$5.96 
418,Jarrid,Hawlgarth,jhawlgarthbl@ucoz.ru,Male,2009,3/15/2018,$5.88 
417,Elden,Norridge,enorridgebk@eventbrite.com,Male,1996,11/5/2018,$8.15 
416,Shermy,Gimson,sgimsonbj@admin.ch,Male,2003,10/19/2018,$7.08 
415,Marcela,Andreolli,mandreollibi@qq.com,Female,2010,10/11/2018,$3.15 
414,Pavlov,Spadari,pspadaribh@usnews.com,Male,2009,11/26/2018,$3.63 
413,Cymbre,Robertelli,crobertellibg@4shared.com,Female,2010,7/5/2018,$7.78 
412,Silvie,Dreghorn,sdreghornbf@guardian.co.uk,Female,1996,5/11/2018,$9.79 
411,Tildie,Pughe,tpughebe@xing.com,Female,2003,10/29/2018,$1.32 
410,Ole,Gretton,ogrettonbd@facebook.com,Male,1992,9/22/2018,$1.92 
409,Deena,Sindell,dsindellbc@photobucket.com,Female,1995,4/28/2018,$3.71 
408,Adoree,Twiggins,atwigginsbb@upenn.edu,Female,2006,5/7/2018,$7.60 
407,Hendrick,Spellessy,hspellessyba@samsung.com,Male,1997,10/16/2018,$6.59 
406,Dani,Moxham,dmoxhamb9@cargocollective.com,Male,1999,9/2/2018,$9.63 
405,Elysha,Baron,ebaronb8@angelfire.com,Female,1999,8/4/2018,$4.61 
404,Rina,Alger,ralgerb7@goo.gl,Female,1995,12/20/2017,$0.12 
403,Culley,Franzman,cfranzmanb6@godaddy.com,Male,2006,8/19/2018,$8.29 
402,Iormina,Fishlee,ifishleeb5@yellowbook.com,Female,1996,4/4/2018,$0.63 
401,Katrinka,Shropshire,kshropshireb4@cnn.com,Female,2001,12/21/2017,$8.30 
400,Oralie,Day,odayb3@domainmarket.com,Female,1995,12/20/2017,$1.26 
399,Bevin,Dowding,bdowdingb2@wunderground.com,Male,1986,11/8/2018,$8.46 
398,Nissy,Renzo,nrenzob1@dropbox.com,Female,1993,8/14/2018,$2.85 
397,Regine,Marquand,rmarquandb0@hud.gov,Female,2006,6/1/2018,$3.51 
396,Carlin,Aldersey,calderseyaz@multiply.com,Female,2010,12/18/2017,$8.77 
395,Emogene,Alonso,ealonsoay@themeforest.net,Female,1998,3/18/2018,$8.54 
394,Bab,Cumbes,bcumbesax@nba.com,Female,1998,5/27/2018,$0.82 
393,Nial,Fellos,nfellosaw@spotify.com,Male,2004,4/9/2018,$4.32 
392,Briano,Mealham,bmealhamav@twitter.com,Male,1992,8/1/2018,$2.70 
391,Devan,Rawlyns,drawlynsau@foxnews.com,Female,1993,10/26/2018,$5.40 
390,Derrick,Vigors,dvigorsat@dot.gov,Male,1997,11/25/2018,$7.00 
389,Sonja,Mazonowicz,smazonowiczas@sohu.com,Female,2003,12/3/2017,$6.86 
388,Delbert,Clemmen,dclemmenar@stanford.edu,Male,2008,7/26/2018,$1.40 
387,Gregoire,Klawi,gklawiaq@jiathis.com,Male,1998,3/30/2018,$1.08 
386,Hayward,Tubritt,htubrittap@liveinternet.ru,Male,1992,7/8/2018,$7.54 
385,Berton,Hardes,bhardesao@ucoz.com,Male,2005,6/25/2018,$6.81 
384,Barnabe,Epton,beptonan@cdbaby.com,Male,2012,12/1/2017,$8.40 
383,Desiree,Mathivat,dmathivatam@exblog.jp,Female,2008,10/6/2018,$5.36 
382,Kingsly,Panas,kpanasal@aboutads.info,Male,2011,1/13/2018,$1.61 
381,Eden,Bragge,ebraggeak@woothemes.com,Female,1995,9/2/2018,$2.25 
380,Hillary,Azemar,hazemaraj@nydailynews.com,Female,2006,1/28/2018,$8.95 
379,Tracey,Rosenhaus,trosenhausai@yale.edu,Female,2002,8/24/2018,$1.05 
378,Lavinia,Frankema,lfrankemaah@google.co.uk,Female,2004,7/29/2018,$1.92 
377,Lucho,Brizell,lbrizellag@is.gd,Male,1988,8/21/2018,$8.15 
376,Conant,Menco,cmencoaf@weather.com,Male,1999,3/14/2018,$5.00 
375,Hoyt,Kittredge,hkittredgeae@senate.gov,Male,2003,6/15/2018,$4.95 
374,Care,Hallmark,challmarkad@example.com,Male,1995,11/26/2018,$5.75 
373,Myranda,Sabater,msabaterac@ft.com,Female,2004,10/21/2018,$2.60 
372,August,Danilovitch,adanilovitchab@vimeo.com,Male,2012,9/22/2018,$5.00 
371,Cross,Rattenberie,crattenberieaa@vinaora.com,Male,2009,11/19/2018,$3.38 
370,Ahmed,Barriball,abarriballa9@cbslocal.com,Male,2004,4/10/2018,$9.28 
369,Valera,Brosnan,vbrosnana8@redcross.org,Female,2006,9/25/2018,$9.95 
368,Mollie,Carnduff,mcarnduffa7@amazon.com,Female,2005,7/30/2018,$1.44 
367,Tarra,Stiles,tstilesa6@nbcnews.com,Female,1989,6/8/2018,$6.12 
366,Tiffanie,Castellone,tcastellonea5@gizmodo.com,Female,1989,11/21/2018,$8.43 
365,Cate,Fakeley,cfakeleya4@imdb.com,Female,2005,10/27/2018,$0.87 
364,Daniela,Dow,ddowa3@about.me,Female,2007,5/25/2018,$0.26 
363,Garwin,Hedin,ghedina2@opensource.org,Male,2003,6/15/2018,$6.76 
362,Arty,McKleod,amckleoda1@weebly.com,Male,2007,2/17/2018,$9.45 
361,Daffy,Sadd,dsadda0@linkedin.com,Female,2004,7/23/2018,$4.64 
360,Berti,Wogden,bwogden9z@fastcompany.com,Male,2011,6/13/2018,$3.92 
359,Des,Huntington,dhuntington9y@wix.com,Male,1994,11/30/2017,$2.23 
358,Nollie,Behnecken,nbehnecken9x@hibu.com,Male,2001,9/5/2018,$4.51 
357,Barny,Pack,bpack9w@china.com.cn,Male,2005,4/10/2018,$0.54 
356,Sheppard,Hepher,shepher9v@ft.com,Male,2012,11/6/2018,$1.48 
355,Darcy,Landsborough,dlandsborough9u@angelfire.com,Male,1997,11/1/2018,$9.22 
354,Vernon,Boerderman,vboerderman9t@ocn.ne.jp,Male,1994,5/23/2018,$1.77 
353,Shae,Maytum,smaytum9s@artisteer.com,Male,1997,12/19/2017,$7.48 
352,Marris,Vlahos,mvlahos9r@nyu.edu,Female,2008,6/2/2018,$1.27 
351,Faunie,Hellmore,fhellmore9q@list-manage.com,Female,1995,8/4/2018,$4.29 
350,Sophronia,Sherrott,ssherrott9p@tripod.com,Female,2004,2/5/2018,$9.38 
349,Thorvald,Beaford,tbeaford9o@gravatar.com,Male,2002,4/22/2018,$8.92 
348,Nicolle,Beake,nbeake9n@mysql.com,Female,2010,6/13/2018,$5.13 
347,Rolf,Pechet,rpechet9m@answers.com,Male,1994,10/5/2018,$1.37 
346,Fredi,Ruf,fruf9l@addthis.com,Female,1993,1/5/2018,$4.45 
345,Waylon,Meiklejohn,wmeiklejohn9k@ibm.com,Male,1985,5/16/2018,$1.41 
344,Kelvin,Boggis,kboggis9j@theglobeandmail.com,Male,2009,10/1/2018,$0.75 
343,Madalena,Samber,msamber9i@goodreads.com,Female,1998,1/4/2018,$8.99 
342,Leo,Greenhead,lgreenhead9h@bloomberg.com,Male,2000,4/15/2018,$4.98 
341,Laurice,Elcott,lelcott9g@gravatar.com,Female,2004,12/19/2017,$4.24 
340,Randal,Decruse,rdecruse9f@last.fm,Male,2006,3/3/2018,$1.74 
339,Wendye,Husselbee,whusselbee9e@mozilla.com,Female,1988,6/8/2018,$2.99 
338,Isabel,Drewitt,idrewitt9d@independent.co.uk,Female,2001,12/6/2017,$5.08 
337,Chantalle,Cristoforo,ccristoforo9c@1688.com,Female,1997,3/10/2018,$8.23 
336,Perri,Giacomozzo,pgiacomozzo9b@sohu.com,Female,2010,1/12/2018,$5.80 
335,Shawn,Tipens,stipens9a@google.co.uk,Female,1999,8/27/2018,$2.48 
334,Selle,Shillabear,sshillabear99@phoca.cz,Female,2009,8/20/2018,$9.04 
333,Noami,Pudding,npudding98@youtube.com,Female,1997,7/20/2018,$4.47 
332,Tate,Ciottoi,tciottoi97@nydailynews.com,Male,2003,2/6/2018,$2.28 
331,Herve,Beeden,hbeeden96@amazon.de,Male,2012,12/5/2017,$8.08 
330,Tabby,Choke,tchoke95@usa.gov,Male,2003,8/28/2018,$6.23 
329,Adrianne,Andreasen,aandreasen94@51.la,Female,1994,10/15/2018,$0.90 
328,Torrey,Drewe,tdrewe93@about.me,Male,1985,10/17/2018,$2.94 
327,Zora,Couttes,zcouttes92@amazon.de,Female,2012,9/11/2018,$9.55 
326,Coriss,Boshell,cboshell91@constantcontact.com,Female,1998,12/28/2017,$0.08 
325,Pepi,Rammell,prammell90@baidu.com,Female,1984,8/29/2018,$0.54 
324,Elinore,Barks,ebarks8z@4shared.com,Female,2005,10/30/2018,$8.22 
323,Mead,Taplin,mtaplin8y@eventbrite.com,Female,2012,5/29/2018,$8.78 
322,Abagail,Cocks,acocks8x@forbes.com,Female,2002,8/17/2018,$1.96 
321,Xylina,Lindenbluth,xlindenbluth8w@ovh.net,Female,1986,4/27/2018,$8.99 
320,Myrah,Sneesby,msneesby8v@godaddy.com,Female,2001,1/31/2018,$5.88 
319,Hew,Burtenshaw,hburtenshaw8u@usnews.com,Male,2008,6/30/2018,$4.16 
318,Gordon,Lardnar,glardnar8t@pen.io,Male,1999,6/19/2018,$2.06 
317,Toddy,Zanicchi,tzanicchi8s@msu.edu,Male,2000,2/6/2018,$1.97 
316,Gilemette,Willett,gwillett8r@webeden.co.uk,Female,1997,10/14/2018,$1.48 
315,Glenna,Grzegorczyk,ggrzegorczyk8q@geocities.jp,Female,1997,8/13/2018,$4.29 
314,Chloe,Errigo,cerrigo8p@4shared.com,Female,1995,8/3/2018,$8.96 
313,Skippy,Stavers,sstavers8o@cnet.com,Male,2002,6/12/2018,$6.72 
312,Evanne,Sneden,esneden8n@wikipedia.org,Female,2010,3/15/2018,$1.84 
311,Emelyne,Malden,emalden8m@pinterest.com,Female,2003,12/16/2017,$7.96 
310,Jerald,Fearney,jfearney8l@bigcartel.com,Male,2004,10/24/2018,$9.77 
309,Frederich,Mundle,fmundle8k@list-manage.com,Male,2006,2/25/2018,$4.96 
308,Johnnie,McNeigh,jmcneigh8j@mysql.com,Male,1998,11/21/2018,$2.27 
307,Tally,Althrop,talthrop8i@timesonline.co.uk,Male,2008,2/22/2018,$0.85 
306,Darla,French,dfrench8h@rakuten.co.jp,Female,2005,8/4/2018,$6.15 
305,Cash,Philot,cphilot8g@abc.net.au,Male,1992,3/28/2018,$6.31 
304,Lek,Cristea,lcristea8f@netlog.com,Male,1994,11/11/2018,$6.79 
303,Carma,Glawsop,cglawsop8e@odnoklassniki.ru,Female,1992,8/10/2018,$3.66 
302,Felipe,Hudson,fhudson8d@goodreads.com,Male,2011,6/7/2018,$7.35 
301,Alta,Minghella,aminghella8c@bandcamp.com,Female,2009,6/28/2018,$5.89 
300,Sonya,Carman,scarman8b@cnn.com,Female,1995,2/18/2018,$9.22 
299,Hendrika,Oloshkin,holoshkin8a@alibaba.com,Female,2009,3/21/2018,$3.13 
298,Lilias,Livsey,llivsey89@networkadvertising.org,Female,2010,8/11/2018,$1.80 
297,Thain,Ramard,tramard88@geocities.jp,Male,2009,7/24/2018,$4.93 
296,Dareen,Hawkeswood,dhawkeswood87@icq.com,Female,2008,12/28/2017,$5.19 
295,Laurie,Goodday,lgoodday86@plala.or.jp,Female,2000,9/8/2018,$1.61 
294,Letisha,Goodridge,lgoodridge85@ucoz.ru,Female,2010,1/24/2018,$5.46 
293,Vladimir,Waldie,vwaldie84@macromedia.com,Male,1999,2/2/2018,$1.09 
292,Mavis,Pawlik,mpawlik83@guardian.co.uk,Female,1991,8/29/2018,$3.53 
291,Samantha,Mahood,smahood82@booking.com,Female,2008,9/8/2018,$7.34 
290,Jilly,Pache,jpache81@bandcamp.com,Female,1990,11/8/2018,$2.95 
289,Jerry,Batthew,jbatthew80@un.org,Female,2008,3/31/2018,$2.78 
288,Terri-jo,Senton,tsenton7z@naver.com,Female,1988,4/19/2018,$1.62 
287,Sheelah,Favill,sfavill7y@ocn.ne.jp,Female,1997,4/13/2018,$6.60 
286,Worth,Moulin,wmoulin7x@cisco.com,Male,2002,4/25/2018,$1.48 
285,Timi,Dovidaitis,tdovidaitis7w@ca.gov,Female,2007,6/1/2018,$0.15 
284,Galina,Norcross,gnorcross7v@globo.com,Female,2005,3/1/2018,$1.21 
283,Moore,Cuerdale,mcuerdale7u@nbcnews.com,Male,2012,9/17/2018,$2.82 
282,Yves,Kurten,ykurten7t@hao123.com,Male,1995,10/27/2018,$2.93 
281,Rustie,Joplin,rjoplin7s@delicious.com,Male,2007,11/18/2018,$2.91 
280,Thane,Januszkiewicz,tjanuszkiewicz7r@seattletimes.com,Male,2003,5/9/2018,$7.96 
279,Booth,Benson,bbenson7q@phpbb.com,Male,2001,3/12/2018,$9.38 
278,Johnathan,Swallwell,jswallwell7p@timesonline.co.uk,Male,2006,9/13/2018,$1.78 
277,Tye,Fransewich,tfransewich7o@slideshare.net,Male,2005,6/21/2018,$1.04 
276,Debbi,Olivazzi,dolivazzi7n@hugedomains.com,Female,2007,2/3/2018,$4.49 
275,Lara,De Ortega,ldeortega7m@addthis.com,Female,1998,10/22/2018,$8.93 
274,Benedick,Kerrigan,bkerrigan7l@vinaora.com,Male,2004,10/13/2018,$5.27 
273,Judith,Dowsing,jdowsing7k@ihg.com,Female,1991,5/21/2018,$9.34 
272,Isis,Hamments,ihamments7j@globo.com,Female,1986,7/10/2018,$7.36 
271,Kala,Durnall,kdurnall7i@smugmug.com,Female,2000,7/23/2018,$2.34 
270,Merrick,Riquet,mriquet7h@joomla.org,Male,1991,7/28/2018,$3.33 
269,Domeniga,Maytom,dmaytom7g@rakuten.co.jp,Female,1969,7/28/2018,$7.83 
268,Ruggiero,Cessford,rcessford7f@ovh.net,Male,2003,1/2/2018,$7.40 
267,Cirilo,Bushe,cbushe7e@tiny.cc,Male,2002,10/7/2018,$2.14 
266,Curran,Plunkett,cplunkett7d@toplist.cz,Male,1984,8/16/2018,$4.35 
265,Jarib,Grob,jgrob7c@howstuffworks.com,Male,1999,1/18/2018,$7.91 
264,Bobby,Evequot,bevequot7b@oaic.gov.au,Female,1999,10/18/2018,$9.62 
263,Delbert,Dibdale,ddibdale7a@edublogs.org,Male,1985,2/23/2018,$4.01 
262,Rozelle,Girogetti,rgirogetti79@omniture.com,Female,1996,9/10/2018,$6.69 
261,Arni,Bradford,abradford78@ebay.com,Male,1995,6/19/2018,$1.44 
260,Cliff,Horrigan,chorrigan77@wsj.com,Male,1993,5/5/2018,$1.69 
259,Mohandis,Rowland,mrowland76@arstechnica.com,Male,1995,11/22/2018,$5.81 
258,Alisha,Tulip,atulip75@joomla.org,Female,2002,12/30/2017,$6.03 
257,Terrie,Colbrun,tcolbrun74@dropbox.com,Female,1992,8/3/2018,$2.95 
256,Sheila,Dalgety,sdalgety73@cafepress.com,Female,1996,1/12/2018,$7.69 
255,Isadora,Aggus,iaggus72@comsenz.com,Female,2005,4/6/2018,$8.82 
254,Simonne,Benedyktowicz,sbenedyktowicz71@php.net,Female,1999,11/28/2017,$7.52 
253,Barnabas,Creus,bcreus70@cargocollective.com,Male,2001,5/15/2018,$2.05 
252,Claribel,Muckloe,cmuckloe6z@huffingtonpost.com,Female,2009,5/16/2018,$4.21 
251,Faina,Cropp,fcropp6y@squarespace.com,Female,1999,10/12/2018,$8.14 
250,Nicol,Meeson,nmeeson6x@businessweek.com,Male,1998,7/31/2018,$1.86 
249,Deane,McLemon,dmclemon6w@netvibes.com,Male,2000,7/9/2018,$0.43 
248,Malchy,Stitch,mstitch6v@devhub.com,Male,2003,5/22/2018,$2.36 
247,Jasmin,Brendish,jbrendish6u@npr.org,Female,1989,1/9/2018,$1.71 
246,Antonius,Danby,adanby6t@washingtonpost.com,Male,2006,3/17/2018,$1.01 
245,Jennette,Jennemann,jjennemann6s@photobucket.com,Female,2012,8/5/2018,$2.33 
244,Guilbert,Lello,glello6r@java.com,Male,2008,11/6/2018,$2.71 
243,Cchaddie,Maccari,cmaccari6q@mayoclinic.com,Male,2007,1/13/2018,$7.87 
242,Tatiana,Ormerod,tormerod6p@wordpress.org,Female,1995,8/8/2018,$6.45 
241,Ned,Munden,nmunden6o@booking.com,Male,2008,2/26/2018,$0.74 
240,Riordan,Lunney,rlunney6n@baidu.com,Male,2007,3/17/2018,$2.44 
239,Gustavo,Tarbert,gtarbert6m@china.com.cn,Male,1997,1/7/2018,$6.66 
238,Janenna,Devers,jdevers6l@wikimedia.org,Female,1992,4/29/2018,$6.42 
237,Hort,Gibby,hgibby6k@pen.io,Male,2003,1/10/2018,$8.46 
236,Theodoric,Fluck,tfluck6j@about.com,Male,1994,6/27/2018,$5.39 
235,Sybilla,MacNeish,smacneish6i@ehow.com,Female,2009,3/4/2018,$5.97 
234,Saudra,Somerscales,ssomerscales6h@sfgate.com,Female,2006,7/13/2018,$9.10 
233,Maud,Chern,mchern6g@jalbum.net,Female,1998,5/20/2018,$5.85 
232,Dena,Bradly,dbradly6f@smh.com.au,Female,1989,11/21/2018,$7.20 
231,Delbert,Hearse,dhearse6e@163.com,Male,2004,10/31/2018,$7.30 
230,Raquela,Amsden,ramsden6d@behance.net,Female,2006,1/22/2018,$8.75 
229,Nananne,Crawshay,ncrawshay6c@apache.org,Female,2009,6/20/2018,$5.02 
228,Antonina,Thiese,athiese6b@networksolutions.com,Female,2001,2/19/2018,$9.69 
227,Gerek,Feare,gfeare6a@ifeng.com,Male,1994,10/18/2018,$9.42 
226,Tiphani,MacCallister,tmaccallister69@bloglovin.com,Female,2004,4/4/2018,$8.42 
225,Crista,Croci,ccroci68@arizona.edu,Female,1998,9/4/2018,$7.53 
224,Sigismond,Sannes,ssannes67@discuz.net,Male,1965,5/14/2018,$1.87 
223,Casey,Jedraszek,cjedraszek66@newsvine.com,Female,2010,8/10/2018,$4.35 
222,Axe,Jansik,ajansik65@rediff.com,Male,1995,8/16/2018,$5.13 
221,Elyn,Giorgetti,egiorgetti64@mayoclinic.com,Female,1990,8/1/2018,$0.69 
220,Maggy,Cabane,mcabane63@flavors.me,Female,2013,7/5/2018,$3.17 
219,Sylvan,Giffon,sgiffon62@blogs.com,Male,2012,4/13/2018,$7.01 
218,Lindon,Casacchia,lcasacchia61@dropbox.com,Male,2010,11/13/2018,$6.86 
217,Isidro,Guinness,iguinness60@mlb.com,Male,2004,7/17/2018,$4.37 
216,Freida,Call,fcall5z@forbes.com,Female,2012,10/27/2018,$7.18 
215,Prescott,Stairs,pstairs5y@dropbox.com,Male,1995,12/2/2017,$8.36 
214,Ivor,Froud,ifroud5x@jigsy.com,Male,2005,2/23/2018,$2.73 
213,Rosalie,Cooper,rcooper5w@house.gov,Female,2010,7/23/2018,$6.05 
212,Margalo,Nelthorp,mnelthorp5v@last.fm,Female,1993,3/6/2018,$0.88 
211,Clair,Morrissey,cmorrissey5u@ihg.com,Female,1995,11/13/2018,$7.97 
210,Ula,Benson,ubenson5t@discovery.com,Female,2010,12/8/2017,$9.27 
209,Gaylord,Bortolozzi,gbortolozzi5s@constantcontact.com,Male,2000,12/14/2017,$0.16 
208,Kimbell,Rosgen,krosgen5r@intel.com,Male,2001,5/29/2018,$8.41 
207,Diarmid,Cawkwell,dcawkwell5q@google.cn,Male,1966,3/24/2018,$9.27 
206,Timofei,Ambrosi,tambrosi5p@cpanel.net,Male,1996,3/15/2018,$7.24 
205,Margaux,Skeermor,mskeermor5o@theglobeandmail.com,Female,2003,8/7/2018,$0.13 
204,Devon,Hartopp,dhartopp5n@github.io,Female,2007,4/18/2018,$1.60 
203,Brandice,Spaducci,bspaducci5m@friendfeed.com,Female,2012,2/22/2018,$7.65 
202,Shalne,Tewkesbury.,stewkesbury5l@reddit.com,Female,1998,10/3/2018,$1.63 
201,Rosamond,Catchpole,rcatchpole5k@feedburner.com,Female,2007,5/11/2018,$5.37 
200,Tanner,Momery,tmomery5j@histats.com,Male,2010,11/6/2018,$4.07 
199,Victoir,Sabater,vsabater5i@senate.gov,Male,2010,1/10/2018,$3.71 
198,Cindelyn,Scrine,cscrine5h@oracle.com,Female,2007,3/6/2018,$8.05 
197,Ivor,Narey,inarey5g@huffingtonpost.com,Male,1991,7/18/2018,$6.74 
196,Sianna,McKerley,smckerley5f@51.la,Female,1990,2/9/2018,$5.58 
195,Kameko,Cristol,kcristol5e@exblog.jp,Female,2002,12/9/2017,$4.29 
194,Fania,Mayoh,fmayoh5d@deviantart.com,Female,1993,11/11/2018,$9.36 
193,Estrellita,Bumpus,ebumpus5c@rambler.ru,Female,2007,1/1/2018,$8.79 
192,Enriqueta,Jupp,ejupp5b@fema.gov,Female,2002,10/25/2018,$1.45 
191,Lion,O'Hallagan,lohallagan5a@hao123.com,Male,1995,6/16/2018,$0.81 
190,Amery,Dmych,admych59@icq.com,Male,1995,12/7/2017,$4.77 
189,Trisha,Sebyer,tsebyer58@g.co,Female,1994,5/26/2018,$6.15 
188,Arabelle,Rudyard,arudyard57@cbslocal.com,Female,1985,1/9/2018,$3.31 
187,Samara,Lethcoe,slethcoe56@usa.gov,Female,2000,11/15/2018,$1.78 
186,Grove,Izchaki,gizchaki55@bloglovin.com,Male,1998,6/25/2018,$5.63 
185,Dee dee,Dorow,ddorow54@tmall.com,Female,2011,9/11/2018,$5.12 
184,Andre,Mattke,amattke53@wikipedia.org,Male,2001,6/8/2018,$1.91 
183,Flinn,Lawlan,flawlan52@gizmodo.com,Male,1998,3/30/2018,$6.49 
182,Eddy,Boulter,eboulter51@hp.com,Male,1998,11/30/2017,$9.72 
181,Barron,Birdwhistle,bbirdwhistle50@paypal.com,Male,1993,3/3/2018,$7.14 
180,Carlin,Labet,clabet4z@tuttocitta.it,Female,2004,4/13/2018,$9.19 
179,Sigfried,Dyball,sdyball4y@fastcompany.com,Male,2008,6/14/2018,$7.46 
178,Adolf,Blaze,ablaze4x@examiner.com,Male,2003,6/9/2018,$9.07 
177,Sumner,Ickovici,sickovici4w@smh.com.au,Male,1988,10/22/2018,$2.19 
176,Mitchael,Mutlow,mmutlow4v@hc360.com,Male,2008,5/28/2018,$0.79 
175,Burnard,Rojahn,brojahn4u@ebay.co.uk,Male,2008,12/2/2017,$5.84 
174,Valentine,Freeborne,vfreeborne4t@dedecms.com,Female,2011,9/19/2018,$9.01 
173,Demott,Segebrecht,dsegebrecht4s@marriott.com,Male,2002,11/6/2018,$8.46 
172,Blanche,Fern,bfern4r@tripod.com,Female,1992,3/13/2018,$0.25 
171,Christel,Durand,cdurand4q@mtv.com,Female,1997,7/3/2018,$5.70 
170,Seth,Callis,scallis4p@parallels.com,Male,2006,8/11/2018,$7.76 
169,Englebert,Scarfe,escarfe4o@omniture.com,Male,1994,8/20/2018,$3.67 
168,Lory,Ferretti,lferretti4n@admin.ch,Female,2012,9/5/2018,$5.24 
167,Nathanil,Skinner,nskinner4m@accuweather.com,Male,1995,1/10/2018,$7.56 
166,Cello,Spykins,cspykins4l@theglobeandmail.com,Male,2011,10/21/2018,$5.48 
165,Abra,Got,agot4k@wp.com,Female,1996,5/16/2018,$9.81 
164,Peri,McPeice,pmcpeice4j@nba.com,Female,2000,10/31/2018,$1.12 
163,Carver,O'Keefe,cokeefe4i@cpanel.net,Male,1999,8/27/2018,$6.51 
162,Theo,Antrack,tantrack4h@shareasale.com,Male,2004,3/3/2018,$6.65 
161,Simonette,Burgum,sburgum4g@seattletimes.com,Female,2002,6/12/2018,$7.09 
160,Avrom,Iacovides,aiacovides4f@discovery.com,Male,2008,2/16/2018,$7.89 
159,Gayler,Chillistone,gchillistone4e@livejournal.com,Male,2011,2/25/2018,$4.21 
158,Ellene,Yon,eyon4d@hexun.com,Female,2008,1/5/2018,$6.87 
157,Mozes,Symcoxe,msymcoxe4c@ucoz.ru,Male,1968,8/13/2018,$7.21 
156,Madalena,Waterhouse,mwaterhouse4b@phpbb.com,Female,1992,4/5/2018,$2.88 
155,Selig,O'Looney,solooney4a@nba.com,Male,1985,8/25/2018,$5.78 
154,Lou,MacGraith,lmacgraith49@flickr.com,Female,1993,1/15/2018,$1.72 
153,Stinky,Buzek,sbuzek48@163.com,Male,1968,3/18/2018,$1.97 
152,Dianemarie,Lowres,dlowres47@nasa.gov,Female,1992,1/21/2018,$4.78 
151,Gabbi,Andrin,gandrin46@walmart.com,Female,1989,7/4/2018,$0.30 
150,Orv,Loxton,oloxton45@google.de,Male,1996,7/26/2018,$0.36 
149,Aubrette,Brightling,abrightling44@unesco.org,Female,1995,7/22/2018,$7.55 
148,Seline,Mustard,smustard43@geocities.com,Female,1999,9/7/2018,$1.31 
147,Chris,Jahns,cjahns42@nifty.com,Male,1992,2/12/2018,$0.04 
146,Cookie,Verrechia,cverrechia41@ted.com,Female,2003,12/22/2017,$6.79 
145,Jefferson,Vassman,jvassman40@craigslist.org,Male,1995,1/6/2018,$1.15 
144,Alane,Ellum,aellum3z@lulu.com,Female,2008,7/8/2018,$5.07 
143,Corry,Gergolet,cgergolet3y@goo.gl,Female,2005,5/22/2018,$0.81 
142,Raeann,Deverille,rdeverille3x@xing.com,Female,2004,5/14/2018,$9.10 
141,Velma,Pidon,vpidon3w@cafepress.com,Female,2009,2/28/2018,$8.31 
140,Paige,Ruhben,pruhben3v@wp.com,Female,1994,11/1/2018,$2.33 
139,Koral,Scholig,kscholig3u@buzzfeed.com,Female,1999,9/6/2018,$7.83 
138,Cheryl,Junifer,cjunifer3t@indiatimes.com,Female,2006,5/13/2018,$2.77 
137,Margarete,Kiddye,mkiddye3s@mozilla.org,Female,1969,7/31/2018,$6.68 
136,Thibaud,Curtoys,tcurtoys3r@hao123.com,Male,2008,10/5/2018,$8.02 
135,Reggie,Cullon,rcullon3q@paginegialle.it,Male,2004,8/22/2018,$2.49 
134,Evan,O' Kelleher,eokelleher3p@imdb.com,Male,2003,8/6/2018,$9.91 
133,Freddie,Writer,fwriter3o@tuttocitta.it,Female,1991,1/4/2018,$5.44 
132,Michaelina,Donahue,mdonahue3n@wp.com,Female,1994,2/22/2018,$0.04 
131,Helga,Evert,hevert3m@is.gd,Female,1993,2/13/2018,$3.08 
130,Saleem,Loder,sloder3l@topsy.com,Male,2005,7/7/2018,$9.28 
129,Bonnie,Forrester,bforrester3k@xinhuanet.com,Female,2008,1/28/2018,$4.58 
128,Phedra,Roloff,proloff3j@usnews.com,Female,1986,7/8/2018,$3.86 
127,Terra,Cron,tcron3i@mayoclinic.com,Female,2001,11/7/2018,$5.77 
126,Elinor,Willes,ewilles3h@nydailynews.com,Female,1994,12/27/2017,$5.67 
125,Torin,Tooke,ttooke3g@exblog.jp,Male,1986,12/21/2017,$2.10 
124,Glad,Keppe,gkeppe3f@hostgator.com,Female,2009,9/20/2018,$8.36 
123,Berta,Wannes,bwannes3e@over-blog.com,Female,1997,4/7/2018,$9.58 
122,Alaster,Lorraway,alorraway3d@pen.io,Male,1988,1/27/2018,$3.92 
121,Lizbeth,Drayton,ldrayton3c@posterous.com,Female,1960,9/18/2018,$7.07 
120,Waite,Blastock,wblastock3b@tiny.cc,Male,2009,5/21/2018,$9.20 
119,Maryanna,O'Dee,modee3a@japanpost.jp,Female,2006,9/8/2018,$3.59 
118,Forester,Iacovelli,fiacovelli39@nature.com,Male,2010,11/18/2018,$3.60 
117,Romeo,Bowhey,rbowhey38@drupal.org,Male,2005,3/15/2018,$4.35 
116,Clemmie,Reader,creader37@vinaora.com,Female,2004,8/25/2018,$3.92 
115,Cassie,Gedney,cgedney36@tripod.com,Male,2003,4/1/2018,$0.78 
114,Krissie,McFadzean,kmcfadzean35@rakuten.co.jp,Female,2004,2/12/2018,$9.83 
113,Candie,Strangman,cstrangman34@biblegateway.com,Female,2006,10/3/2018,$6.39 
112,Anderea,Shorbrook,ashorbrook33@imgur.com,Female,1995,10/15/2018,$2.92 
111,Gusti,Robbel,grobbel32@hostgator.com,Female,1995,8/18/2018,$0.45 
110,Rachele,Nystrom,rnystrom31@constantcontact.com,Female,1997,11/27/2017,$8.90 
109,Rubia,Lobbe,rlobbe30@rakuten.co.jp,Female,1988,10/19/2018,$6.61 
108,Dew,Emma,demma2z@amazonaws.com,Male,2000,11/9/2018,$8.24 
107,Sibbie,Goode,sgoode2y@latimes.com,Female,1993,2/24/2018,$7.87 
106,Kimball,Urquhart,kurquhart2x@elegantthemes.com,Male,2001,3/26/2018,$4.25 
105,Joella,Tofanini,jtofanini2w@histats.com,Female,2008,8/22/2018,$7.80 
104,Kelbee,Arbon,karbon2v@qq.com,Male,2008,8/12/2018,$1.98 
103,Ofelia,Toderini,otoderini2u@mysql.com,Female,2013,4/9/2018,$3.97 
102,Anselm,Bartali,abartali2t@odnoklassniki.ru,Male,1992,11/18/2018,$8.39 
101,Hermy,Jobbing,hjobbing2s@reddit.com,Male,1992,12/29/2017,$7.75 
100,Verile,Leacy,vleacy2r@soundcloud.com,Female,2000,2/15/2018,$0.80 
99,Merci,Paffitt,mpaffitt2q@globo.com,Female,2006,3/10/2018,$1.81 
98,Hogan,Castells,hcastells2p@wikimedia.org,Male,2004,6/19/2018,$6.20 
97,Ferdinande,Tincey,ftincey2o@nymag.com,Female,2008,5/2/2018,$9.03 
96,Sigfried,Duckit,sduckit2n@discovery.com,Male,2007,5/28/2018,$5.23 
95,Ginnie,Clemmen,gclemmen2m@about.me,Female,1962,6/21/2018,$1.22 
94,Sheila,Grzeszczyk,sgrzeszczyk2l@house.gov,Female,1963,5/29/2018,$1.99 
93,Kahlil,Wallbridge,kwallbridge2k@prlog.org,Male,1988,12/2/2017,$3.00 
92,Thatch,Font,tfont2j@facebook.com,Male,1996,8/28/2018,$8.67 
91,Corabella,Kibel,ckibel2i@mapquest.com,Female,2003,3/17/2018,$9.44 
90,Rufe,Gorler,rgorler2h@upenn.edu,Male,1992,7/23/2018,$3.91 
89,Aguste,McPartling,amcpartling2g@xing.com,Male,2009,6/25/2018,$3.84 
88,Say,Jagiela,sjagiela2f@sfgate.com,Male,2012,6/14/2018,$3.71 
87,Igor,Tuff,ituff2e@about.com,Male,2007,12/6/2017,$1.95 
86,Cammi,Willden,cwillden2d@oracle.com,Female,1992,1/27/2018,$0.45 
85,Anne,Bezzant,abezzant2c@mayoclinic.com,Female,1989,9/16/2018,$7.28 
84,Hadria,Scheffel,hscheffel2b@weebly.com,Female,2008,5/26/2018,$9.29 
83,Adelice,Knight,aknight2a@live.com,Female,1986,12/9/2017,$4.36 
82,Hobie,Staton,hstaton29@over-blog.com,Male,1994,7/25/2018,$8.62 
81,Duky,Schlag,dschlag28@blogtalkradio.com,Male,2004,5/20/2018,$3.25 
80,Ramonda,Redit,rredit27@google.com.br,Female,2002,8/8/2018,$0.67 
79,Kimbra,Meagher,kmeagher26@bluehost.com,Female,2007,7/30/2018,$7.11 
78,Liz,Trembey,ltrembey25@reverbnation.com,Female,2009,6/3/2018,$8.55 
77,Jared,Leads,jleads24@who.int,Male,1994,1/7/2018,$0.77 
76,Ky,Mewe,kmewe23@feedburner.com,Male,1964,11/9/2018,$6.79 
75,Alessandro,Benyon,abenyon22@mozilla.com,Male,1994,3/24/2018,$5.41 
74,Tull,Budge,tbudge21@yelp.com,Male,2001,7/8/2018,$9.75 
73,Elizabet,Klauer,eklauer20@time.com,Female,2006,12/24/2017,$8.87 
72,Jarrad,Doyle,jdoyle1z@imageshack.us,Male,2012,8/26/2018,$9.94 
71,Saidee,Imeson,simeson1y@baidu.com,Female,2010,5/12/2018,$0.08 
70,Derek,Jerome,djerome1x@meetup.com,Male,1966,10/9/2018,$8.01 
69,Mattias,Brunstan,mbrunstan1w@opensource.org,Male,2012,7/9/2018,$3.47 
68,Roley,Lapham,rlapham1v@oaic.gov.au,Male,2005,6/12/2018,$3.38 
67,Ricoriki,Schnitter,rschnitter1u@ucoz.ru,Male,1993,10/21/2018,$1.08 
66,Aurelea,Bridel,abridel1t@blogs.com,Female,2007,9/6/2018,$4.83 
65,Gaylor,Marciskewski,gmarciskewski1s@mtv.com,Male,2004,10/10/2018,$5.78 
64,Walton,Keam,wkeam1r@dailymotion.com,Male,1987,2/5/2018,$1.41 
63,Eugen,Yglesia,eyglesia1q@hc360.com,Male,2010,11/17/2018,$9.48 
62,Suzann,Purchall,spurchall1p@godaddy.com,Female,1998,10/28/2018,$3.04 
61,Felice,Agron,fagron1o@irs.gov,Male,1998,7/16/2018,$7.89 
60,Stu,Florey,sflorey1n@symantec.com,Male,2006,3/27/2018,$4.93 
59,Melessa,Brownjohn,mbrownjohn1m@hostgator.com,Female,1995,11/8/2018,$5.04 
58,Rona,Dungey,rdungey1l@nature.com,Female,1986,11/4/2018,$2.06 
57,Gail,Bruckstein,gbruckstein1k@mtv.com,Male,2006,5/13/2018,$0.06 
56,Rinaldo,Hagergham,rhagergham1j@indiegogo.com,Male,2001,3/19/2018,$7.20 
55,Yancy,Christensen,ychristensen1i@github.com,Male,1999,1/2/2018,$1.17 
54,Jacquenette,Loomis,jloomis1h@booking.com,Female,2002,2/13/2018,$9.37 
53,Rey,Klimentov,rklimentov1g@mit.edu,Female,2008,3/23/2018,$8.96 
52,Petey,Switsur,pswitsur1f@youtu.be,Male,1996,10/13/2018,$3.44 
51,Lev,Dagworthy,ldagworthy1e@php.net,Male,2004,7/22/2018,$1.77 
50,Dilan,Smiths,dsmiths1d@forbes.com,Male,2010,7/14/2018,$0.58 
49,Dugald,Baudesson,dbaudesson1c@sohu.com,Male,2012,1/14/2018,$2.47 
48,Farris,Lyddiard,flyddiard1b@tumblr.com,Male,2010,6/6/2018,$7.66 
47,Barty,Rushworth,brushworth1a@cornell.edu,Male,1991,11/13/2018,$9.64 
46,Dayna,McKeag,dmckeag19@addtoany.com,Female,1998,12/11/2017,$8.47 
45,Glendon,Rainbow,grainbow18@i2i.jp,Male,2011,4/2/2018,$4.09 
44,Jimmy,Plank,jplank17@netlog.com,Male,1994,2/28/2018,$5.13 
43,Adrien,Houlworth,ahoulworth16@yale.edu,Male,1995,3/30/2018,$2.12 
42,Layney,Hutfield,lhutfield15@gravatar.com,Female,1997,9/16/2018,$6.34 
41,Quinton,De Vere,qdevere14@theguardian.com,Male,1996,6/20/2018,$9.13 
40,Shelton,Jerwood,sjerwood13@issuu.com,Male,1994,3/6/2018,$8.00 
39,Ellen,Heinicke,eheinicke12@blogtalkradio.com,Female,1985,12/4/2017,$6.53 
38,Richmond,Laugharne,rlaugharne11@netlog.com,Male,1999,6/14/2018,$3.84 
37,Stephen,Skittles,sskittles10@wordpress.com,Male,2002,8/3/2018,$2.32 
36,Omero,Ferebee,oferebeez@domainmarket.com,Male,2013,6/28/2018,$7.77 
35,Jamima,Hammerich,jhammerichy@latimes.com,Female,2000,4/26/2018,$3.11 
34,Artemas,Royson,aroysonx@diigo.com,Male,2012,10/24/2018,$4.08 
33,Flossi,O'Sharry,fosharryw@zdnet.com,Female,2008,10/26/2018,$9.36 
32,Colby,Handforth,chandforthv@unblog.fr,Male,1999,7/15/2018,$6.20 
31,Thurstan,Ivatts,tivattsu@simplemachines.org,Male,2006,2/23/2018,$7.91 
30,Dimitry,Matteris,dmatterist@webmd.com,Male,2000,6/6/2018,$0.23 
29,Dotti,Diano,ddianos@istockphoto.com,Female,1999,10/21/2018,$4.33 
28,Loralie,Delve,ldelver@homestead.com,Female,2011,11/9/2018,$2.42 
27,Melinde,MacPhail,mmacphailq@economist.com,Female,2003,2/15/2018,$3.98 
26,Gregg,Brazier,gbrazierp@wix.com,Male,2010,12/5/2017,$7.84 
25,Briney,Keig,bkeigo@delicious.com,Female,2002,11/24/2018,$6.78 
24,Abbye,McGroarty,amcgroartyn@cdc.gov,Female,2012,5/1/2018,$2.03 
23,Larisa,Gibbon,lgibbonm@mlb.com,Female,2010,1/13/2018,$0.06 
22,Courtney,Joddins,cjoddinsl@51.la,Female,1995,8/13/2018,$8.13 
21,Cyrillus,Mockett,cmockettk@oakley.com,Male,1995,6/4/2018,$6.85 
20,Marne,Jeayes,mjeayesj@g.co,Female,2007,6/28/2018,$2.99 
19,Ann,Breznovic,abreznovici@ocn.ne.jp,Female,1995,11/22/2018,$3.25 
18,Alicia,Fasse,afasseh@quantcast.com,Female,2002,8/10/2018,$5.48 
17,Monah,Voelker,mvoelkerg@deliciousdays.com,Female,2012,7/15/2018,$4.15 
16,Ddene,Killwick,dkillwickf@theguardian.com,Female,2007,8/17/2018,$4.62 
15,Dorian,Goodlatt,dgoodlatte@accuweather.com,Male,2001,3/12/2018,$3.81 
14,Vivi,Anthony,vanthonyd@liveinternet.ru,Female,1987,10/14/2018,$2.66 
13,Thayne,Kilcullen,tkilcullenc@techcrunch.com,Male,1988,3/30/2018,$7.39 
12,Niles,Milham,nmilhamb@yellowpages.com,Male,1996,2/9/2018,$7.36 
11,King,Sampey,ksampeya@dailymail.co.uk,Male,1995,6/14/2018,$2.57 
10,Amaleta,Simpson,asimpson9@meetup.com,Female,2008,6/23/2018,$2.36 
9,Cornela,Maycock,cmaycock8@icq.com,Female,2002,10/30/2018,$4.45 
8,Corina,Clowney,cclowney7@miitbeian.gov.cn,Female,2008,3/13/2018,$2.27 
7,Kora,Saltrese,ksaltrese6@furl.net,Female,2010,11/8/2018,$8.73 
6,Yoko,Wetherick,ywetherick5@imgur.com,Female,1999,6/26/2018,$9.14 
5,Ulrika,Cantillion,ucantillion4@infoseek.co.jp,Female,1998,2/21/2018,$1.17 
4,Brigham,MacAfee,bmacafee3@usnews.com,Male,2003,8/20/2018,$8.58 
3,Serge,Didsbury,sdidsbury2@oakley.com,Male,1995,8/23/2018,$4.92 
2,Em,Pirolini,epirolini1@china.com.cn,Male,1995,5/15/2018,$8.35 
1,Kellby,Blitzer,kblitzer0@toplist.cz,Male,2011,10/9/2018,$9.29 
